Sl no.,District Name,Market Name,Commodity,Variety,Grade,Min Price (Rs./Quintal),Max Price (Rs./Quintal),Modal Price (Rs./Quintal),Price Date
1,Latur,Ahmedpur,Wheat,Other,FAQ,2631,2631,2631,30-Dec-22
2,Latur,Ahmedpur,Wheat,Other,FAQ,2000,2000,2000,27-Jun-22
3,Latur,Ahmedpur,Wheat,Other,FAQ,2775,2775,2775,18-Jun-22
4,Latur,Ahmedpur,Wheat,Other,FAQ,1900,1900,1900,17-Jun-22
5,Latur,Ahmedpur,Wheat,Other,FAQ,2100,2560,2300,16-Jun-22
6,Latur,Ahmedpur,Wheat,Other,FAQ,2000,2000,2000,15-Jun-22
7,Latur,Ahmedpur,Wheat,Other,FAQ,2100,2100,2100,14-Jun-22
8,Latur,Ahmedpur,Wheat,Other,FAQ,1850,2500,2175,13-Jun-22
9,Latur,Ahmedpur,Wheat,Other,FAQ,2000,3000,2500,11-Jun-22
10,Latur,Ahmedpur,Wheat,Other,FAQ,2400,2500,2450,10-Jun-22
11,Latur,Ahmedpur,Wheat,Other,FAQ,1600,1800,1700,09-Sep-21
12,Latur,Ahmedpur,Wheat,Other,FAQ,1580,1580,1580,12-Aug-21
13,Latur,Ahmedpur,Wheat,Other,FAQ,1500,1800,1650,10-Aug-21
14,Latur,Ahmedpur,Wheat,Other,FAQ,1500,1900,1700,02-Jul-21
15,Latur,Ahmedpur,Wheat,Other,FAQ,1500,1650,1575,01-Jul-21
16,Latur,Ahmedpur,Wheat,Other,FAQ,1500,1600,1550,30-Jun-21
17,Latur,Ahmedpur,Wheat,Other,FAQ,1400,1650,1525,29-Jun-21
18,Latur,Ahmedpur,Wheat,Other,FAQ,1500,1600,1550,28-Jun-21
19,Latur,Ahmedpur,Wheat,Other,FAQ,1500,1550,1525,26-Jun-21
20,Latur,Ahmedpur,Wheat,Other,FAQ,1500,2000,1750,25-Jun-21
21,Latur,Ahmedpur,Wheat,Other,FAQ,1500,1600,1550,24-Jun-21
22,Latur,Ahmedpur,Wheat,Other,FAQ,1500,2200,1850,23-Jun-21
23,Latur,Ahmedpur,Wheat,Other,FAQ,1500,1500,1500,22-Jun-21
24,Latur,Ahmedpur,Wheat,Other,FAQ,1625,1625,1625,21-Jun-21
25,Latur,Ahmedpur,Wheat,Other,FAQ,1625,1625,1625,19-Jun-21
26,Latur,Ahmedpur,Wheat,Other,FAQ,1500,1900,1700,18-Jun-21
27,Latur,Ahmedpur,Wheat,Other,FAQ,1500,1500,1500,17-Jun-21
28,Latur,Ahmedpur,Wheat,Other,FAQ,1300,1350,1325,04-Jan-21
29,Latur,Ahmedpur,Wheat,Other,FAQ,1300,1350,1325,02-Jan-21
30,Latur,Ahmedpur,Wheat,Other,FAQ,1300,1350,1325,01-Jan-21
31,Latur,Ahmedpur,Wheat,Other,FAQ,1300,1350,1325,31-Dec-20
32,Latur,Ahmedpur,Wheat,Other,FAQ,1300,1350,1325,30-Dec-20
33,Latur,Ahmedpur,Wheat,Other,FAQ,1300,1350,1325,29-Dec-20
34,Latur,Ahmedpur,Wheat,Other,FAQ,1300,1350,1325,28-Dec-20
35,Latur,Ahmedpur,Wheat,Other,FAQ,1300,1350,1325,26-Dec-20
36,Latur,Ahmedpur,Wheat,Other,FAQ,1300,1350,1325,24-Dec-20
37,Latur,Ahmedpur,Wheat,Other,FAQ,1300,1350,1325,22-Dec-20
38,Latur,Ahmedpur,Wheat,Other,FAQ,1300,1350,1325,21-Dec-20
39,Latur,Ahmedpur,Wheat,Other,FAQ,1300,1400,1350,19-Dec-20
40,Latur,Ahmedpur,Wheat,Other,FAQ,1300,1450,1375,18-Dec-20
41,Latur,Ahmedpur,Wheat,Other,FAQ,1300,1450,1375,17-Dec-20
42,Latur,Ahmedpur,Wheat,Other,FAQ,1300,1300,1300,12-Sep-20
43,Latur,Ahmedpur,Wheat,Other,FAQ,1300,1500,1400,11-Sep-20
44,Latur,Ahmedpur,Wheat,Other,FAQ,1350,2371,1360,10-Sep-20
45,Latur,Ahmedpur,Wheat,Other,FAQ,1350,1511,1430,09-Sep-20
46,Latur,Ahmedpur,Wheat,Other,FAQ,1300,1700,1500,08-Sep-20
47,Latur,Ahmedpur,Wheat,Other,FAQ,1300,1300,1300,07-Sep-20
48,Latur,Ahmedpur,Wheat,Other,FAQ,1350,2051,1700,05-Sep-20
49,Latur,Ahmedpur,Wheat,Other,FAQ,1300,1400,1350,04-Sep-20
50,Latur,Ahmedpur,Wheat,Other,FAQ,1200,1700,1450,03-Sep-20
51,Latur,Ahmedpur,Wheat,Other,FAQ,1400,1450,1425,24-Aug-20
52,Latur,Ahmedpur,Wheat,Other,FAQ,1500,1550,1525,20-Aug-20
53,Latur,Ahmedpur,Wheat,Other,FAQ,1500,1800,1650,14-Jul-20
54,Latur,Ahmedpur,Wheat,Other,FAQ,1500,1600,1550,13-Jul-20
55,Latur,Ahmedpur,Wheat,Other,FAQ,1500,2300,1900,10-Jul-20
56,Latur,Ahmedpur,Wheat,Other,FAQ,1500,1600,1550,09-Jul-20
57,Latur,Ahmedpur,Wheat,Other,FAQ,1500,2000,1750,08-Jul-20
58,Latur,Ahmedpur,Wheat,Other,FAQ,1550,1550,1550,07-Jul-20
59,Latur,Ahmedpur,Wheat,Other,FAQ,1500,1500,1500,06-Jul-20
60,Latur,Ahmedpur,Wheat,Other,FAQ,1550,1550,1550,04-Jul-20
61,Latur,Ahmedpur,Wheat,Other,FAQ,1500,2100,1800,03-Jul-20
62,Latur,Ahmedpur,Wheat,Other,FAQ,1550,1550,1550,02-Jul-20
63,Latur,Ahmedpur,Wheat,Other,FAQ,1550,1550,1550,30-Jun-20
64,Latur,Ahmedpur,Wheat,Other,FAQ,1400,1500,1450,27-Jun-20
65,Latur,Ahmedpur,Wheat,Other,FAQ,1500,1600,1550,26-Jun-20
66,Latur,Ahmedpur,Wheat,Other,FAQ,1550,2225,1800,25-Jun-20
67,Latur,Ahmedpur,Wheat,Other,FAQ,1500,2000,1750,24-Jun-20
68,Latur,Ahmedpur,Wheat,Other,FAQ,1500,2050,1725,23-Jun-20
69,Latur,Ahmedpur,Wheat,Other,FAQ,1400,1570,1475,22-Jun-20
70,Latur,Ahmedpur,Wheat,Other,FAQ,1500,1550,1525,17-Jun-20
71,Latur,Ahmedpur,Wheat,Other,FAQ,1550,2551,2000,16-Jun-20
72,Latur,Ahmedpur,Wheat,Other,FAQ,1500,1600,1550,15-Jun-20
73,Latur,Ahmedpur,Wheat,Other,FAQ,1450,2000,1700,12-Jun-20
74,Latur,Ahmedpur,Wheat,Other,FAQ,1500,1565,1530,10-Jun-20
75,Latur,Ahmedpur,Wheat,Other,FAQ,1550,2400,1975,09-Jun-20
76,Latur,Ahmedpur,Wheat,Other,FAQ,1500,1600,1575,08-Jun-20
77,Latur,Ahmedpur,Wheat,Other,FAQ,1500,2000,1750,06-Jun-20
78,Latur,Ahmedpur,Wheat,Other,FAQ,1500,2150,1750,04-Jun-20
79,Latur,Ahmedpur,Wheat,Other,FAQ,1500,1800,1650,03-Jun-20
80,Latur,Ahmedpur,Wheat,Other,FAQ,1550,1550,1550,02-Jun-20
81,Latur,Ahmedpur,Wheat,Other,FAQ,1500,1600,1550,01-Jun-20
82,Latur,Ahmedpur,Wheat,Other,FAQ,1500,2200,1900,30-May-20
83,Latur,Ahmedpur,Wheat,Other,FAQ,1500,1900,1700,27-May-20
84,Latur,Ahmedpur,Wheat,Other,FAQ,1500,2500,2000,26-May-20
85,Latur,Ahmedpur,Wheat,Other,FAQ,1500,1600,1550,21-May-20
86,Latur,Ahmedpur,Wheat,Other,FAQ,1500,1600,1550,20-May-20
87,Latur,Ahmedpur,Wheat,Other,FAQ,1500,1900,1700,19-May-20
88,Latur,Ahmedpur,Wheat,Other,FAQ,1550,1600,1570,16-May-20
89,Latur,Ahmedpur,Wheat,Other,FAQ,1500,2400,2150,15-May-20
90,Latur,Ahmedpur,Wheat,Other,FAQ,1500,2500,2000,14-May-20
91,Latur,Ahmedpur,Wheat,Other,FAQ,1550,1570,1565,11-May-20
92,Latur,Ahmedpur,Wheat,Other,FAQ,1550,1900,1725,08-May-20
93,Latur,Ahmedpur,Wheat,Other,FAQ,1850,1915,1900,29-Feb-20
94,Latur,Ahmedpur,Wheat,Other,FAQ,1250,2500,2100,28-Feb-20
95,Latur,Ahmedpur,Wheat,Other,FAQ,1951,1951,1951,27-Feb-20
96,Latur,Ahmedpur,Wheat,Other,FAQ,1951,1951,1951,26-Feb-20
97,Latur,Ahmedpur,Wheat,Other,FAQ,1950,1950,1950,25-Feb-20
98,Latur,Ahmedpur,Wheat,Other,FAQ,1950,1950,1950,22-Feb-20
99,Latur,Ahmedpur,Wheat,Other,FAQ,1950,1950,1950,20-Feb-20
100,Latur,Ahmedpur,Wheat,Other,FAQ,1970,1970,1970,18-Feb-20
101,Latur,Ahmedpur,Wheat,Other,FAQ,1950,1950,1950,17-Feb-20
102,Latur,Ahmedpur,Wheat,Other,FAQ,1991,1991,1991,15-Feb-20
103,Latur,Ahmedpur,Wheat,Other,FAQ,1950,1950,1950,13-Feb-20
104,Latur,Ahmedpur,Wheat,Other,FAQ,1950,1950,1950,12-Feb-20
105,Latur,Ahmedpur,Wheat,Other,FAQ,1950,1950,1950,11-Feb-20
106,Latur,Ahmedpur,Wheat,Other,FAQ,1950,1950,1950,10-Feb-20
107,Latur,Ahmedpur,Wheat,Other,FAQ,1960,1960,1960,08-Feb-20
108,Latur,Ahmedpur,Wheat,Other,FAQ,1950,1950,1950,07-Feb-20
109,Latur,Ahmedpur,Wheat,Other,FAQ,1950,1950,1950,06-Feb-20
110,Latur,Ahmedpur,Wheat,Other,FAQ,1980,1980,1980,05-Feb-20
111,Latur,Ahmedpur,Wheat,Other,FAQ,1950,1950,1950,04-Feb-20
112,Latur,Ahmedpur,Wheat,Other,FAQ,2011,2011,2011,03-Feb-20
113,Latur,Ahmedpur,Wheat,Other,FAQ,1950,1950,1950,01-Feb-20
114,Latur,Ahmedpur,Wheat,Other,FAQ,1900,1900,1900,29-Jan-20
115,Latur,Ahmedpur,Wheat,Other,FAQ,2000,2000,2000,28-Jan-20
116,Latur,Ahmedpur,Wheat,Other,FAQ,2200,2200,2200,27-Jan-20
117,Latur,Ahmedpur,Wheat,Other,FAQ,2050,2050,2050,23-Jan-20
118,Latur,Ahmedpur,Wheat,Other,FAQ,2025,2025,2025,22-Jan-20
119,Latur,Ahmedpur,Wheat,Other,FAQ,2020,2020,2020,21-Jan-20
120,Latur,Ahmedpur,Wheat,Other,FAQ,2020,2020,2020,11-Jan-20
121,Latur,Ahmedpur,Wheat,Other,FAQ,6581,6581,6581,10-Jan-20
122,Latur,Ahmedpur,Wheat,Other,FAQ,1925,1925,1925,08-Jan-20
123,Latur,Ahmedpur,Wheat,Other,FAQ,2311,2311,2311,07-Jan-20
124,Latur,Ahmedpur,Wheat,Other,FAQ,1945,1945,1945,06-Jan-20
125,Latur,Ahmedpur,Wheat,Other,FAQ,1931,1931,1931,04-Jan-20
126,Latur,Ahmedpur,Wheat,Other,FAQ,2600,2600,2600,02-Jan-20
127,Latur,Ahmedpur,Wheat,Other,FAQ,1930,1930,1930,01-Jan-20
128,Latur,Ahmedpur,Wheat,Other,FAQ,1940,1940,1940,31-Dec-19
129,Latur,Ahmedpur,Wheat,Other,FAQ,1930,1930,1930,21-Dec-19
130,Latur,Ahmedpur,Wheat,Other,FAQ,1930,1930,1930,20-Dec-19
131,Latur,Ahmedpur,Wheat,Other,FAQ,2012,2012,2012,19-Dec-19
132,Latur,Ahmedpur,Wheat,Other,FAQ,1930,1939,1930,18-Dec-19
133,Latur,Ahmedpur,Wheat,Other,FAQ,2600,2600,2600,17-Dec-19
134,Latur,Ahmedpur,Wheat,Other,FAQ,1950,1950,1950,16-Dec-19
135,Latur,Ahmedpur,Wheat,Other,FAQ,1930,1930,1930,14-Dec-19
136,Latur,Ahmedpur,Wheat,Other,FAQ,2600,2600,2600,13-Dec-19
137,Latur,Ahmedpur,Wheat,Other,FAQ,1925,1925,1925,12-Dec-19
138,Latur,Ahmedpur,Wheat,Other,FAQ,1930,1930,1930,11-Dec-19
139,Latur,Ahmedpur,Wheat,Other,FAQ,1900,1950,1925,09-Dec-19
140,Latur,Ahmedpur,Wheat,Other,FAQ,1900,1950,1925,07-Dec-19
141,Latur,Ahmedpur,Wheat,Other,FAQ,1400,2000,1700,06-Dec-19
142,Latur,Ahmedpur,Wheat,Other,FAQ,1930,1930,1930,05-Dec-19
143,Latur,Ahmedpur,Wheat,Other,FAQ,1950,1950,1950,04-Dec-19
144,Latur,Ahmedpur,Wheat,Other,FAQ,1900,2200,2050,03-Dec-19
145,Latur,Ahmedpur,Wheat,Other,FAQ,1900,2300,2100,02-Dec-19
146,Latur,Ahmedpur,Wheat,Other,FAQ,1930,1930,1930,29-Nov-19
147,Latur,Ahmedpur,Wheat,Other,FAQ,1930,1930,1930,28-Nov-19
148,Latur,Ahmedpur,Wheat,Other,FAQ,1900,2400,2150,27-Nov-19
149,Latur,Ahmedpur,Wheat,Other,FAQ,1800,1900,1850,25-Nov-19
150,Latur,Ahmedpur,Wheat,Other,FAQ,1930,1930,1930,23-Nov-19
151,Latur,Ahmedpur,Wheat,Other,FAQ,1921,1921,1921,22-Nov-19
152,Latur,Ahmedpur,Wheat,Other,FAQ,1900,1900,1900,21-Nov-19
153,Latur,Ahmedpur,Wheat,Other,FAQ,1930,1930,1930,20-Nov-19
154,Latur,Ahmedpur,Wheat,Other,FAQ,1930,1930,1930,19-Nov-19
155,Latur,Ahmedpur,Wheat,Other,FAQ,1900,1930,1915,18-Nov-19
156,Latur,Ahmedpur,Wheat,Other,FAQ,1900,2250,2050,15-Nov-19
157,Latur,Ahmedpur,Wheat,Other,FAQ,1900,1950,1925,14-Nov-19
158,Latur,Ahmedpur,Wheat,Other,FAQ,1950,1950,1950,13-Nov-19
159,Latur,Ahmedpur,Wheat,Other,FAQ,1900,1940,1920,11-Nov-19
160,Latur,Ahmedpur,Wheat,Other,FAQ,1950,1950,1950,09-Nov-19
161,Latur,Ahmedpur,Wheat,Other,FAQ,1950,1950,1950,08-Nov-19
162,Latur,Ahmedpur,Wheat,Other,FAQ,1950,1950,1950,07-Nov-19
163,Latur,Ahmedpur,Wheat,Other,FAQ,1950,1950,1950,06-Nov-19
164,Latur,Ahmedpur,Wheat,Other,FAQ,1900,1950,1925,04-Nov-19
165,Latur,Ahmedpur,Wheat,Other,FAQ,1931,1931,1931,02-Nov-19
166,Latur,Ahmedpur,Wheat,Other,FAQ,1931,1931,1931,01-Nov-19
167,Latur,Ahmedpur,Wheat,Other,FAQ,1911,1911,1911,31-Oct-19
168,Latur,Ahmedpur,Wheat,Other,FAQ,1950,1950,1950,22-Oct-19
169,Latur,Ahmedpur,Wheat,Other,FAQ,1940,1940,1940,16-Oct-19
170,Latur,Ahmedpur,Wheat,Other,FAQ,1900,1940,1920,15-Oct-19
171,Latur,Ahmedpur,Wheat,Other,FAQ,1925,2350,2087,14-Oct-19
172,Latur,Ahmedpur,Wheat,Other,FAQ,1930,1930,1930,12-Oct-19
173,Latur,Ahmedpur,Wheat,Other,FAQ,1920,2000,1950,10-Oct-19
174,Latur,Ahmedpur,Wheat,Other,FAQ,1935,1935,1935,09-Oct-19
175,Latur,Ahmedpur,Wheat,Other,FAQ,1900,2551,2220,07-Oct-19
176,Latur,Ahmedpur,Wheat,Other,FAQ,1940,2200,2050,04-Oct-19
177,Latur,Ahmedpur,Wheat,Other,FAQ,1950,1950,1950,03-Oct-19
178,Latur,Ahmedpur,Wheat,Other,FAQ,1920,1950,1930,01-Oct-19
179,Latur,Ahmedpur,Wheat,Other,FAQ,1920,2681,2200,30-Sep-19
180,Latur,Ahmedpur,Wheat,Other,FAQ,1900,1950,1925,27-Sep-19
181,Latur,Ahmedpur,Wheat,Other,FAQ,1950,1950,1950,23-Sep-19
182,Latur,Ahmedpur,Wheat,Other,FAQ,1900,1930,1915,21-Sep-19
183,Latur,Ahmedpur,Wheat,Other,FAQ,1951,1951,1951,20-Sep-19
184,Latur,Ahmedpur,Wheat,Other,FAQ,1911,1950,1930,19-Sep-19
185,Latur,Ahmedpur,Wheat,Other,FAQ,1911,1921,1915,18-Sep-19
186,Latur,Ahmedpur,Wheat,Other,FAQ,1911,1940,1925,16-Sep-19
187,Latur,Ahmedpur,Wheat,Other,FAQ,1911,1932,1920,14-Sep-19
188,Latur,Ahmedpur,Wheat,Other,FAQ,1911,1932,1920,13-Sep-19
189,Latur,Ahmedpur,Wheat,Other,FAQ,1900,2300,2150,11-Sep-19
190,Latur,Ahmedpur,Wheat,Other,FAQ,1930,1930,1930,07-Sep-19
191,Latur,Ahmedpur,Wheat,Other,FAQ,1900,1940,1920,05-Sep-19
192,Latur,Ahmedpur,Wheat,Other,FAQ,1991,2300,2130,04-Sep-19
193,Latur,Ahmedpur,Wheat,Other,FAQ,1900,1900,1900,28-Aug-19
194,Latur,Ahmedpur,Wheat,Other,FAQ,1929,1929,1929,27-Aug-19
195,Latur,Ahmedpur,Wheat,Other,FAQ,1900,1900,1900,26-Aug-19
196,Latur,Ahmedpur,Wheat,Other,FAQ,1900,1900,1900,21-Aug-19
197,Latur,Ahmedpur,Wheat,Other,FAQ,1850,2100,1975,20-Aug-19
198,Latur,Ahmedpur,Wheat,Other,FAQ,1900,2400,1900,19-Aug-19
199,Latur,Ahmedpur,Wheat,Other,FAQ,1800,1800,1800,16-Aug-19
200,Latur,Ahmedpur,Wheat,Other,FAQ,1811,1875,1843,14-Aug-19
201,Latur,Ahmedpur,Wheat,Other,FAQ,1870,1870,1870,13-Aug-19
202,Latur,Ahmedpur,Wheat,Other,FAQ,1830,1830,1830,09-Aug-19
203,Latur,Ahmedpur,Wheat,Other,FAQ,1850,1850,1850,08-Aug-19
204,Latur,Ahmedpur,Wheat,Other,FAQ,1800,1822,1810,06-Aug-19
205,Latur,Ahmedpur,Wheat,Other,FAQ,1800,2200,2000,02-Aug-19
206,Latur,Ahmedpur,Wheat,Other,FAQ,1800,1800,1800,31-Jul-19
207,Latur,Ahmedpur,Wheat,Other,FAQ,1780,1780,1780,29-Jul-19
208,Latur,Ahmedpur,Wheat,Other,FAQ,1750,2175,1950,27-Jul-19
209,Latur,Ahmedpur,Wheat,Other,FAQ,1780,1780,1780,26-Jul-19
210,Latur,Ahmedpur,Wheat,Other,FAQ,1780,1780,1780,25-Jul-19
211,Latur,Ahmedpur,Wheat,Other,FAQ,1780,1780,1780,24-Jul-19
212,Latur,Ahmedpur,Wheat,Other,FAQ,1700,1780,1740,23-Jul-19
213,Latur,Ahmedpur,Wheat,Other,FAQ,1700,1780,1740,22-Jul-19
214,Latur,Ahmedpur,Wheat,Other,FAQ,1770,1770,1770,20-Jul-19
215,Latur,Ahmedpur,Wheat,Other,FAQ,1771,1771,1771,19-Jul-19
216,Latur,Ahmedpur,Wheat,Other,FAQ,1751,1770,1761,18-Jul-19
217,Latur,Ahmedpur,Wheat,Other,FAQ,1750,1770,1760,17-Jul-19
218,Latur,Ahmedpur,Wheat,Other,FAQ,1750,1750,1750,16-Jul-19
219,Latur,Ahmedpur,Wheat,Other,FAQ,1750,1750,1750,15-Jul-19
220,Latur,Ahmedpur,Wheat,Other,FAQ,1731,1731,1731,13-Jul-19
221,Latur,Ahmedpur,Wheat,Other,FAQ,1730,1730,1730,10-Jul-19
222,Latur,Ahmedpur,Wheat,Other,FAQ,1761,1761,1761,09-Jul-19
223,Latur,Ahmedpur,Wheat,Other,FAQ,1780,1780,1780,08-Jul-19
224,Latur,Ahmedpur,Wheat,Other,FAQ,1700,1765,1732,06-Jul-19
225,Latur,Ahmedpur,Wheat,Other,FAQ,1700,2400,2050,05-Jul-19
226,Latur,Ahmedpur,Wheat,Other,FAQ,1775,1775,1775,04-Jul-19
227,Latur,Ahmedpur,Wheat,Other,FAQ,1730,1730,1730,03-Jul-19
228,Latur,Ahmedpur,Wheat,Other,FAQ,1735,1735,1735,01-Jul-19
229,Latur,Ahmedpur,Wheat,Other,FAQ,1731,1731,1731,29-Jun-19
230,Latur,Ahmedpur,Wheat,Other,FAQ,1731,2650,2200,28-Jun-19
231,Latur,Ahmedpur,Wheat,Other,FAQ,1731,1731,1731,27-Jun-19
232,Latur,Ahmedpur,Wheat,Other,FAQ,1731,1731,1731,26-Jun-19
233,Latur,Ahmedpur,Wheat,Other,FAQ,1731,1731,1731,25-Jun-19
234,Latur,Ahmedpur,Wheat,Other,FAQ,1730,1730,1730,24-Jun-19
235,Latur,Ahmedpur,Wheat,Other,FAQ,1731,1731,1731,22-Jun-19
236,Latur,Ahmedpur,Wheat,Other,FAQ,1730,1730,1730,21-Jun-19
237,Latur,Ahmedpur,Wheat,Other,FAQ,1731,1731,1731,20-Jun-19
238,Latur,Ahmedpur,Wheat,Other,FAQ,1731,1731,1731,19-Jun-19
239,Latur,Ahmedpur,Wheat,Other,FAQ,1731,1731,1731,18-Jun-19
240,Latur,Ahmedpur,Wheat,Other,FAQ,1740,1740,1740,17-Jun-19
241,Latur,Ahmedpur,Wheat,Other,FAQ,1731,1731,1731,15-Jun-19
242,Latur,Ahmedpur,Wheat,Other,FAQ,1700,1731,1715,14-Jun-19
243,Latur,Ahmedpur,Wheat,Other,FAQ,1700,1731,1715,13-Jun-19
244,Latur,Ahmedpur,Wheat,Other,FAQ,1700,1721,1710,12-Jun-19
245,Latur,Ahmedpur,Wheat,Other,FAQ,1700,1731,1715,11-Jun-19
246,Latur,Ahmedpur,Wheat,Other,FAQ,1700,2200,1950,10-Jun-19
247,Latur,Ahmedpur,Wheat,Other,FAQ,1700,1700,1700,07-Jun-19
248,Latur,Ahmedpur,Wheat,Other,FAQ,1700,1731,1715,06-Jun-19
249,Latur,Ahmedpur,Wheat,Other,FAQ,1700,1700,1700,01-Jun-19
250,Latur,Ahmedpur,Wheat,Other,FAQ,1721,1721,1721,31-May-19
251,Latur,Ahmedpur,Wheat,Other,FAQ,1700,2186,1940,30-May-19
252,Latur,Ahmedpur,Wheat,Other,FAQ,1700,1730,1715,29-May-19
253,Latur,Ahmedpur,Wheat,Other,FAQ,1700,2400,2050,28-May-19
254,Latur,Ahmedpur,Wheat,Other,FAQ,1600,1730,1660,27-May-19
255,Latur,Ahmedpur,Wheat,Other,FAQ,1700,1700,1700,25-May-19
256,Latur,Ahmedpur,Wheat,Other,FAQ,1700,2400,2000,24-May-19
257,Latur,Ahmedpur,Wheat,Other,FAQ,1700,1700,1700,22-May-19
258,Latur,Ahmedpur,Wheat,Other,FAQ,1650,1650,1650,21-May-19
259,Latur,Ahmedpur,Wheat,Other,FAQ,1600,2200,1900,20-May-19
260,Latur,Ahmedpur,Wheat,Other,FAQ,1711,1711,1711,17-May-19
261,Latur,Ahmedpur,Wheat,Other,FAQ,1700,1740,1720,16-May-19
262,Latur,Ahmedpur,Wheat,Other,FAQ,1700,1740,1720,15-May-19
263,Latur,Ahmedpur,Wheat,Other,FAQ,1700,2300,2000,14-May-19
264,Latur,Ahmedpur,Wheat,Other,FAQ,1700,2400,2050,13-May-19
265,Latur,Ahmedpur,Wheat,Other,FAQ,1740,1740,1740,11-May-19
266,Latur,Ahmedpur,Wheat,Other,FAQ,1700,2400,2050,10-May-19
267,Latur,Ahmedpur,Wheat,Other,FAQ,1740,1740,1740,09-May-19
268,Latur,Ahmedpur,Wheat,Other,FAQ,1700,2500,2100,08-May-19
269,Latur,Ahmedpur,Wheat,Other,FAQ,1700,2500,2100,06-May-19
270,Latur,Ahmedpur,Wheat,Other,FAQ,1700,1730,1715,03-May-19
271,Latur,Ahmedpur,Wheat,Other,FAQ,1700,1730,1715,02-May-19
272,Latur,Ahmedpur,Wheat,Other,FAQ,1700,2252,1950,30-Apr-19
273,Latur,Ahmedpur,Wheat,Other,FAQ,1700,1900,1800,29-Apr-19
274,Latur,Ahmedpur,Wheat,Other,FAQ,1700,1700,1700,27-Apr-19
275,Latur,Ahmedpur,Wheat,Other,FAQ,1700,1725,1710,26-Apr-19
276,Latur,Ahmedpur,Wheat,Other,FAQ,1700,1740,1720,25-Apr-19
277,Latur,Ahmedpur,Wheat,Other,FAQ,1650,1700,1675,24-Apr-19
278,Latur,Ahmedpur,Wheat,Other,FAQ,1700,2500,2100,23-Apr-19
279,Latur,Ahmedpur,Wheat,Other,FAQ,1600,1711,1650,22-Apr-19
280,Latur,Ahmedpur,Wheat,Other,FAQ,1600,2000,1700,20-Apr-19
281,Latur,Ahmedpur,Wheat,Other,FAQ,1700,2000,1850,16-Apr-19
282,Latur,Ahmedpur,Wheat,Other,FAQ,1700,1711,1705,15-Apr-19
283,Latur,Ahmedpur,Wheat,Other,FAQ,1700,2400,2000,12-Apr-19
284,Latur,Ahmedpur,Wheat,Other,FAQ,1700,1700,1700,11-Apr-19
285,Latur,Ahmedpur,Wheat,Other,FAQ,1700,5100,4800,09-Apr-19
286,Latur,Ahmedpur,Wheat,Other,FAQ,1700,2000,1850,08-Apr-19
287,Latur,Ahmedpur,Wheat,Other,FAQ,1700,2875,2050,04-Apr-19
288,Latur,Ahmedpur,Wheat,Other,FAQ,1700,1700,1700,03-Apr-19
289,Latur,Ahmedpur,Wheat,Other,FAQ,1700,2200,1950,02-Apr-19
290,Latur,Ahmedpur,Wheat,Other,FAQ,1600,1800,1700,01-Apr-19
291,Latur,Ahmedpur,Wheat,Other,FAQ,1800,1900,1850,23-Feb-19
292,Latur,Ahmedpur,Wheat,Other,FAQ,1800,1900,1850,22-Feb-19
293,Latur,Ahmedpur,Wheat,Other,FAQ,1800,1900,1850,20-Feb-19
294,Latur,Ahmedpur,Wheat,Other,FAQ,1800,1900,1850,18-Feb-19
295,Latur,Ahmedpur,Wheat,Other,FAQ,1900,1900,1900,16-Feb-19
296,Latur,Ahmedpur,Wheat,Other,FAQ,1900,1900,1900,15-Feb-19
297,Latur,Ahmedpur,Wheat,Other,FAQ,1900,1900,1900,14-Feb-19
298,Latur,Ahmedpur,Wheat,Other,FAQ,1800,1900,1850,13-Feb-19
299,Latur,Ahmedpur,Wheat,Other,FAQ,1800,1900,1850,11-Feb-19
300,Latur,Ahmedpur,Wheat,Other,FAQ,1850,1900,1875,09-Feb-19
301,Latur,Ahmedpur,Wheat,Other,FAQ,1850,1850,1850,08-Feb-19
302,Latur,Ahmedpur,Wheat,Other,FAQ,1850,1900,1875,07-Feb-19
303,Latur,Ahmedpur,Wheat,Other,FAQ,1850,1900,1875,06-Feb-19
304,Latur,Ahmedpur,Wheat,Other,FAQ,1850,1880,1865,05-Feb-19
305,Latur,Ahmedpur,Wheat,Other,FAQ,1800,3000,2400,02-Feb-19
306,Latur,Ahmedpur,Wheat,Other,FAQ,1850,1850,1850,01-Feb-19
307,Latur,Ahmedpur,Wheat,Other,FAQ,1800,1900,1850,31-Jan-19
308,Latur,Ahmedpur,Wheat,Other,FAQ,1850,1850,1850,30-Jan-19
309,Latur,Ahmedpur,Wheat,Other,FAQ,1850,1900,1875,29-Jan-19
310,Latur,Ahmedpur,Wheat,Other,FAQ,1850,1900,1875,28-Jan-19
311,Latur,Ahmedpur,Wheat,Other,FAQ,1850,1900,1875,25-Jan-19
312,Latur,Ahmedpur,Wheat,Other,FAQ,1850,1900,1875,23-Jan-19
313,Latur,Ahmedpur,Wheat,Other,FAQ,1850,1900,1875,21-Jan-19
314,Latur,Ahmedpur,Wheat,Other,FAQ,1850,1900,1875,19-Jan-19
315,Latur,Ahmedpur,Wheat,Other,FAQ,1900,1900,1900,18-Jan-19
316,Latur,Ahmedpur,Wheat,Other,FAQ,1850,1900,1875,17-Jan-19
317,Latur,Ahmedpur,Wheat,Other,FAQ,1750,1900,1825,14-Jan-19
318,Latur,Ahmedpur,Wheat,Other,FAQ,1850,1900,1875,12-Jan-19
319,Latur,Ahmedpur,Wheat,Other,FAQ,1850,1850,1850,11-Jan-19
320,Latur,Ahmedpur,Wheat,Other,FAQ,1700,1900,1800,10-Jan-19
321,Latur,Ahmedpur,Wheat,Other,FAQ,1850,1900,1875,09-Jan-19
322,Latur,Ahmedpur,Wheat,Other,FAQ,1850,1850,1850,08-Jan-19
323,Latur,Ahmedpur,Wheat,Other,FAQ,1850,1850,1850,07-Jan-19
324,Latur,Ahmedpur,Wheat,Other,FAQ,1850,1960,1875,03-Jan-19
325,Latur,Ahmedpur,Wheat,Other,FAQ,1850,2500,2100,02-Jan-19
326,Latur,Ahmedpur,Wheat,Other,FAQ,1750,2200,1900,31-Dec-18
327,Latur,Ahmedpur,Wheat,Other,FAQ,1850,2291,1900,29-Dec-18
328,Latur,Ahmedpur,Wheat,Other,FAQ,1800,1850,1820,28-Dec-18
329,Latur,Ahmedpur,Wheat,Other,FAQ,1800,1850,1825,27-Dec-18
330,Latur,Ahmedpur,Wheat,Other,FAQ,1800,1800,1800,26-Dec-18
331,Latur,Ahmedpur,Wheat,Other,FAQ,1800,1830,1810,24-Dec-18
332,Latur,Ahmedpur,Wheat,Other,FAQ,1800,1800,1800,22-Dec-18
333,Latur,Ahmedpur,Wheat,Other,FAQ,1800,1830,1815,21-Dec-18
334,Latur,Ahmedpur,Wheat,Other,FAQ,1832,1832,1832,20-Dec-18
335,Latur,Ahmedpur,Wheat,Other,FAQ,1800,1800,1800,19-Dec-18
336,Latur,Ahmedpur,Wheat,Other,FAQ,1800,1820,1810,18-Dec-18
337,Latur,Ahmedpur,Wheat,Other,FAQ,1800,1810,1805,17-Dec-18
338,Latur,Ahmedpur,Wheat,Other,FAQ,1770,2900,2200,14-Dec-18
339,Latur,Ahmedpur,Wheat,Other,FAQ,1800,1800,1800,13-Dec-18
340,Latur,Ahmedpur,Wheat,Other,FAQ,1750,2900,2250,12-Dec-18
341,Latur,Ahmedpur,Wheat,Other,FAQ,1770,2860,2200,11-Dec-18
342,Latur,Ahmedpur,Wheat,Other,FAQ,1770,2000,1850,10-Dec-18
343,Latur,Ahmedpur,Wheat,Other,FAQ,1775,1780,1777,08-Dec-18
344,Latur,Ahmedpur,Wheat,Other,FAQ,1800,1800,1800,06-Dec-18
345,Latur,Ahmedpur,Wheat,Other,FAQ,1790,1800,1795,05-Dec-18
346,Latur,Ahmedpur,Wheat,Other,FAQ,1770,1800,1785,04-Dec-18
347,Latur,Ahmedpur,Wheat,Other,FAQ,1780,1809,1795,03-Dec-18
348,Latur,Ahmedpur,Wheat,Other,FAQ,1750,1825,1775,01-Dec-18
349,Latur,Ahmedpur,Wheat,Other,FAQ,1750,1770,1750,30-Nov-18
350,Latur,Ahmedpur,Wheat,Other,FAQ,1780,1780,1780,29-Nov-18
351,Latur,Ahmedpur,Wheat,Other,FAQ,1750,1800,1775,28-Nov-18
352,Latur,Ahmedpur,Wheat,Other,FAQ,1700,1700,1700,27-Nov-18
353,Latur,Ahmedpur,Wheat,Other,FAQ,1750,1800,1775,26-Nov-18
354,Latur,Ahmedpur,Wheat,Other,FAQ,1770,1800,1780,24-Nov-18
355,Latur,Ahmedpur,Wheat,Other,FAQ,1770,1800,1780,22-Nov-18
356,Latur,Ahmedpur,Wheat,Other,FAQ,1750,1800,1775,21-Nov-18
357,Latur,Ahmedpur,Wheat,Other,FAQ,1750,1800,1775,17-Nov-18
358,Latur,Ahmedpur,Wheat,Other,FAQ,1700,1750,1725,16-Nov-18
359,Latur,Ahmedpur,Wheat,Other,FAQ,1700,1770,1740,15-Nov-18
360,Latur,Ahmedpur,Wheat,Other,FAQ,1150,1150,1150,14-Nov-18
361,Latur,Ahmedpur,Wheat,Other,FAQ,1700,2252,1950,13-Nov-18
362,Latur,Ahmedpur,Wheat,Other,FAQ,1700,2200,1900,12-Nov-18
363,Latur,Ahmedpur,Wheat,Other,FAQ,1700,2427,2000,10-Nov-18
364,Latur,Ahmedpur,Wheat,Other,FAQ,2200,2200,2200,08-Nov-18
365,Latur,Ahmedpur,Wheat,Other,FAQ,1775,1775,1775,03-Nov-18
366,Latur,Ahmedpur,Wheat,Other,FAQ,1750,1750,1750,02-Nov-18
367,Latur,Ahmedpur,Wheat,Other,FAQ,1700,1700,1700,01-Nov-18
368,Latur,Ahmedpur,Wheat,Other,FAQ,1715,1715,1715,31-Oct-18
369,Latur,Ahmedpur,Wheat,Other,FAQ,1750,1750,1750,30-Oct-18
370,Latur,Ahmedpur,Wheat,Other,FAQ,2001,2001,2001,29-Oct-18
371,Latur,Ahmedpur,Wheat,Other,FAQ,1750,1750,1750,27-Oct-18
372,Latur,Ahmedpur,Wheat,Other,FAQ,1750,1750,1750,26-Oct-18
373,Latur,Ahmedpur,Wheat,Other,FAQ,1750,1750,1750,25-Oct-18
374,Latur,Ahmedpur,Wheat,Other,FAQ,1750,1750,1750,24-Oct-18
375,Latur,Ahmedpur,Wheat,Other,FAQ,1700,1750,1725,23-Oct-18
376,Latur,Ahmedpur,Wheat,Other,FAQ,1800,1800,1800,22-Oct-18
377,Latur,Ahmedpur,Wheat,Other,FAQ,1700,1770,1750,20-Oct-18
378,Latur,Ahmedpur,Wheat,Other,FAQ,1700,1750,1730,19-Oct-18
379,Latur,Ahmedpur,Wheat,Other,FAQ,1700,1750,1725,17-Oct-18
380,Latur,Ahmedpur,Wheat,Other,FAQ,1700,1750,1725,16-Oct-18
381,Latur,Ahmedpur,Wheat,Other,FAQ,1600,1750,1700,15-Oct-18
382,Latur,Ahmedpur,Wheat,Other,FAQ,1700,1700,1700,13-Oct-18
383,Latur,Ahmedpur,Wheat,Other,FAQ,1600,1750,1675,11-Oct-18
384,Latur,Ahmedpur,Wheat,Other,FAQ,1650,1750,1700,10-Oct-18
385,Latur,Ahmedpur,Wheat,Other,FAQ,1650,1775,1700,08-Oct-18
386,Latur,Ahmedpur,Wheat,Other,FAQ,1750,1750,1750,06-Oct-18
387,Latur,Ahmedpur,Wheat,Other,FAQ,1700,1750,1725,05-Oct-18
388,Latur,Ahmedpur,Wheat,Other,FAQ,1760,1760,1760,03-Oct-18
389,Latur,Ahmedpur,Wheat,Other,FAQ,1770,1770,1770,01-Oct-18
390,Latur,Ahmedpur,Wheat,Other,FAQ,1700,2385,2000,29-Sep-18
391,Latur,Ahmedpur,Wheat,Other,FAQ,1770,1770,1770,28-Sep-18
392,Latur,Ahmedpur,Wheat,Other,FAQ,1770,1770,1770,27-Sep-18
393,Latur,Ahmedpur,Wheat,Other,FAQ,1765,1770,1770,26-Sep-18
394,Latur,Ahmedpur,Wheat,Other,FAQ,1770,1772,1770,25-Sep-18
395,Latur,Ahmedpur,Wheat,Other,FAQ,1150,1960,1555,24-Sep-18
396,Latur,Ahmedpur,Wheat,Other,FAQ,1700,1700,1700,22-Sep-18
397,Latur,Ahmedpur,Wheat,Other,FAQ,1750,1800,1775,21-Sep-18
398,Latur,Ahmedpur,Wheat,Other,FAQ,1750,1890,1775,19-Sep-18
399,Latur,Ahmedpur,Wheat,Other,FAQ,1700,1975,1850,18-Sep-18
400,Latur,Ahmedpur,Wheat,Other,FAQ,1700,2120,1900,14-Sep-18
401,Latur,Ahmedpur,Wheat,Other,FAQ,1600,1750,1680,12-Sep-18
402,Latur,Ahmedpur,Wheat,Other,FAQ,1700,1818,1760,08-Sep-18
403,Latur,Ahmedpur,Wheat,Other,FAQ,1700,2036,1850,27-Aug-18
404,Latur,Ahmedpur,Wheat,Other,FAQ,1700,1951,1850,25-Aug-18
405,Latur,Ahmedpur,Wheat,Other,FAQ,2161,2161,2161,24-Aug-18
406,Latur,Ahmedpur,Wheat,Other,FAQ,1726,1751,1738,23-Aug-18
407,Latur,Ahmedpur,Wheat,Other,FAQ,1600,2000,1800,21-Aug-18
408,Latur,Ahmedpur,Wheat,Other,FAQ,1600,1750,1650,20-Aug-18
409,Latur,Ahmedpur,Wheat,Other,FAQ,2170,2170,2170,10-Aug-18
410,Latur,Ahmedpur,Wheat,Other,FAQ,1760,1760,1760,08-Aug-18
411,Latur,Ahmedpur,Wheat,Other,FAQ,1770,1900,1800,07-Aug-18
412,Latur,Ahmedpur,Wheat,Other,FAQ,1600,2200,1850,06-Aug-18
413,Latur,Ahmedpur,Wheat,Other,FAQ,1500,1775,1600,04-Aug-18
414,Latur,Ahmedpur,Wheat,Other,FAQ,1750,2300,1900,03-Aug-18
415,Latur,Ahmedpur,Wheat,Other,FAQ,1450,2018,1700,01-Aug-18
416,Latur,Ahmedpur,Wheat,Other,FAQ,1700,1700,1700,31-Jul-18
417,Latur,Ahmedpur,Wheat,Other,FAQ,1450,1700,1550,30-Jul-18
418,Latur,Ahmedpur,Wheat,Other,FAQ,1500,1880,1650,28-Jul-18
419,Latur,Ahmedpur,Wheat,Other,FAQ,1500,1500,1500,27-Jul-18
420,Latur,Ahmedpur,Wheat,Other,FAQ,1600,1600,1600,25-Jul-18
421,Latur,Ahmedpur,Wheat,Other,FAQ,1680,1680,1680,20-Jul-18
422,Latur,Ahmedpur,Wheat,Other,FAQ,1450,1450,1450,19-Jul-18
423,Latur,Ahmedpur,Wheat,Other,FAQ,1550,1550,1550,18-Jul-18
424,Latur,Ahmedpur,Wheat,Other,FAQ,1500,1500,1500,17-Jul-18
425,Latur,Ahmedpur,Wheat,Other,FAQ,1450,1450,1450,14-Jul-18
426,Latur,Ahmedpur,Wheat,Other,FAQ,1475,1475,1475,12-Jul-18
427,Latur,Ahmedpur,Wheat,Other,FAQ,1700,1700,1700,11-Jul-18
428,Latur,Ahmedpur,Wheat,Other,FAQ,1500,1500,1500,09-Jul-18
429,Latur,Ahmedpur,Wheat,Other,FAQ,1700,1700,1700,07-Jul-18
430,Latur,Ahmedpur,Wheat,Other,FAQ,1300,1900,1600,05-Jul-18
431,Latur,Ahmedpur,Wheat,Other,FAQ,1700,1700,1700,04-Jul-18
432,Latur,Ahmedpur,Wheat,Other,FAQ,1810,1810,1810,03-Jul-18
433,Latur,Ahmedpur,Wheat,Other,FAQ,1450,1450,1450,02-Jul-18
434,Latur,Ahmedpur,Wheat,Other,FAQ,1400,1800,1600,30-Jun-18
435,Latur,Ahmedpur,Wheat,Other,FAQ,1350,1601,1475,29-Jun-18
436,Latur,Ahmedpur,Wheat,Other,FAQ,1401,1401,1401,28-Jun-18
437,Latur,Ahmedpur,Wheat,Other,FAQ,1450,1800,1625,27-Jun-18
438,Latur,Ahmedpur,Wheat,Other,FAQ,1400,1400,1400,26-Jun-18
439,Latur,Ahmedpur,Wheat,Other,FAQ,1350,1471,1411,25-Jun-18
440,Latur,Ahmedpur,Wheat,Other,FAQ,1350,1480,1415,22-Jun-18
441,Latur,Ahmedpur,Wheat,Other,FAQ,1480,1480,1480,21-Jun-18
442,Latur,Ahmedpur,Wheat,Other,FAQ,1400,1500,1450,20-Jun-18
443,Latur,Ahmedpur,Wheat,Other,FAQ,1400,1525,1450,18-Jun-18
444,Latur,Ahmedpur,Wheat,Other,FAQ,1350,1500,1425,15-Jun-18
445,Latur,Ahmedpur,Wheat,Other,FAQ,1300,1900,1600,14-Jun-18
446,Latur,Ahmedpur,Wheat,Other,FAQ,1300,1900,1600,12-Jun-18
447,Latur,Ahmedpur,Wheat,Other,FAQ,1450,1700,1575,11-Jun-18
448,Latur,Ahmedpur,Wheat,Other,FAQ,1350,2151,1750,09-Jun-18
449,Latur,Ahmedpur,Wheat,Other,FAQ,1480,1551,1515,08-Jun-18
450,Latur,Ahmedpur,Wheat,Other,FAQ,1350,1600,1475,07-Jun-18
451,Latur,Ahmedpur,Wheat,Other,FAQ,1350,1500,1425,05-Jun-18
452,Latur,Ahmedpur,Wheat,Other,FAQ,1350,2350,1850,04-Jun-18
453,Latur,Ahmedpur,Wheat,Other,FAQ,1450,1460,1450,02-Jun-18
454,Latur,Ahmedpur,Wheat,Other,FAQ,1450,1450,1450,01-Jun-18
455,Latur,Ahmedpur,Wheat,Other,FAQ,1300,2302,1800,31-May-18
456,Latur,Ahmedpur,Wheat,Other,FAQ,1300,1450,1350,30-May-18
457,Latur,Ahmedpur,Wheat,Other,FAQ,1450,1450,1450,29-May-18
458,Latur,Ahmedpur,Wheat,Other,FAQ,1300,1450,1400,28-May-18
459,Latur,Ahmedpur,Wheat,Other,FAQ,1350,1450,1400,26-May-18
460,Latur,Ahmedpur,Wheat,Other,FAQ,1450,1450,1450,25-May-18
461,Latur,Ahmedpur,Wheat,Other,FAQ,1450,1450,1450,24-May-18
462,Latur,Ahmedpur,Wheat,Other,FAQ,1400,1861,1630,23-May-18
463,Latur,Ahmedpur,Wheat,Other,FAQ,1400,2000,1700,22-May-18
464,Latur,Ahmedpur,Wheat,Other,FAQ,1300,1600,1450,21-May-18
465,Latur,Ahmedpur,Wheat,Other,FAQ,1450,1700,1575,19-May-18
466,Latur,Ahmedpur,Wheat,Other,FAQ,1400,2400,1900,18-May-18
467,Latur,Ahmedpur,Wheat,Other,FAQ,1350,2390,1700,17-May-18
468,Latur,Ahmedpur,Wheat,Other,FAQ,1575,1575,1575,16-May-18
469,Latur,Ahmedpur,Wheat,Other,FAQ,1400,2100,1750,14-May-18
470,Latur,Ahmedpur,Wheat,Other,FAQ,2100,2100,2100,12-May-18
471,Latur,Ahmedpur,Wheat,Other,FAQ,1400,1900,1650,11-May-18
472,Latur,Ahmedpur,Wheat,Other,FAQ,1400,1600,1500,10-May-18
473,Latur,Ahmedpur,Wheat,Other,FAQ,1400,1600,1500,09-May-18
474,Latur,Ahmedpur,Wheat,Other,FAQ,1450,1450,1450,07-May-18
475,Latur,Ahmedpur,Wheat,Other,FAQ,1350,1831,1590,05-May-18
476,Latur,Ahmedpur,Wheat,Other,FAQ,1402,1462,1432,04-May-18
477,Latur,Ahmedpur,Wheat,Other,FAQ,1350,2250,1800,03-May-18
478,Latur,Ahmedpur,Wheat,Other,FAQ,1450,1850,1650,02-May-18
479,Latur,Ahmedpur,Wheat,Other,FAQ,1400,1900,1650,28-Apr-18
480,Latur,Ahmedpur,Wheat,Other,FAQ,1350,1350,1350,27-Apr-18
481,Latur,Ahmedpur,Wheat,Other,FAQ,1500,1500,1500,26-Apr-18
482,Latur,Ahmedpur,Wheat,Other,FAQ,1350,1600,1475,25-Apr-18
483,Latur,Ahmedpur,Wheat,Other,FAQ,1400,1700,1550,24-Apr-18
484,Latur,Ahmedpur,Wheat,Other,FAQ,1300,1861,1580,23-Apr-18
485,Latur,Ahmedpur,Wheat,Other,FAQ,1400,2200,1800,21-Apr-18
486,Latur,Ahmedpur,Wheat,Other,FAQ,1800,1800,1800,20-Apr-18
487,Latur,Ahmedpur,Wheat,Other,FAQ,1600,2121,1850,19-Apr-18
488,Latur,Ahmedpur,Wheat,Other,FAQ,1400,2150,1750,17-Apr-18
489,Latur,Ahmedpur,Wheat,Other,FAQ,1550,1550,1550,13-Apr-18
490,Latur,Ahmedpur,Wheat,Other,FAQ,1450,1560,1505,12-Apr-18
491,Latur,Ahmedpur,Wheat,Other,FAQ,1350,2034,1692,11-Apr-18
492,Latur,Ahmedpur,Wheat,Other,FAQ,1450,1800,1625,10-Apr-18
493,Latur,Ahmedpur,Wheat,Other,FAQ,1350,1590,1470,09-Apr-18
494,Latur,Ahmedpur,Wheat,Other,FAQ,1350,1800,1575,07-Apr-18
495,Latur,Ahmedpur,Wheat,Other,FAQ,1400,2291,1845,06-Apr-18
496,Latur,Ahmedpur,Wheat,Other,FAQ,1400,1850,1625,05-Apr-18
497,Latur,Ahmedpur,Wheat,Other,FAQ,1350,1575,1462,04-Apr-18
498,Latur,Ahmedpur,Wheat,Other,FAQ,1450,1600,1525,03-Apr-18
499,Latur,Ahmedpur,Wheat,Other,FAQ,1350,1881,1615,02-Apr-18
500,Latur,Ahmedpur,Wheat,Other,FAQ,1400,1650,1525,28-Mar-18
501,Latur,Ahmedpur,Wheat,Other,FAQ,1600,1800,1700,27-Mar-18
502,Latur,Ahmedpur,Wheat,Other,FAQ,1250,1500,1325,26-Mar-18
503,Latur,Ahmedpur,Wheat,Other,FAQ,1300,1600,1450,24-Mar-18
504,Latur,Ahmedpur,Wheat,Other,FAQ,1350,1620,1485,23-Mar-18
505,Latur,Ahmedpur,Wheat,Other,FAQ,1350,1842,1596,21-Mar-18
506,Latur,Ahmedpur,Wheat,Other,FAQ,1500,1650,1575,20-Mar-18
507,Latur,Ahmedpur,Wheat,Other,FAQ,1350,1750,1550,16-Mar-18
508,Latur,Ahmedpur,Wheat,Other,FAQ,1575,1575,1575,15-Mar-18
509,Latur,Ahmedpur,Wheat,Other,FAQ,1600,1600,1600,14-Mar-18
510,Latur,Ahmedpur,Wheat,Other,FAQ,1350,1656,1503,13-Mar-18
511,Latur,Ahmedpur,Wheat,Other,FAQ,1350,1641,1495,12-Mar-18
512,Latur,Ahmedpur,Wheat,Other,FAQ,1350,1621,1485,10-Mar-18
513,Latur,Ahmedpur,Wheat,Other,FAQ,1300,1725,1512,09-Mar-18
514,Latur,Ahmedpur,Wheat,Other,FAQ,1350,1550,1450,08-Mar-18
515,Latur,Ahmedpur,Wheat,Other,FAQ,1450,1600,1525,07-Mar-18
516,Latur,Ahmedpur,Wheat,Other,FAQ,1450,1550,1500,28-Feb-18
517,Latur,Ahmedpur,Wheat,Other,FAQ,1450,1450,1450,27-Feb-18
518,Latur,Ahmedpur,Wheat,Other,FAQ,1350,1600,1475,26-Feb-18
519,Latur,Ahmedpur,Wheat,Other,FAQ,1450,1571,1510,24-Feb-18
520,Latur,Ahmedpur,Wheat,Other,FAQ,1400,1630,1525,23-Feb-18
521,Latur,Ahmedpur,Wheat,Other,FAQ,1450,1726,1588,22-Feb-18
522,Latur,Ahmedpur,Wheat,Other,FAQ,1470,1470,1470,21-Feb-18
523,Latur,Ahmedpur,Wheat,Other,FAQ,1300,1500,1400,20-Feb-18
524,Latur,Ahmedpur,Wheat,Other,FAQ,1350,1591,1470,17-Feb-18
525,Latur,Ahmedpur,Wheat,Other,FAQ,1350,1700,1525,16-Feb-18
526,Latur,Ahmedpur,Wheat,Other,FAQ,1350,1501,1425,14-Feb-18
527,Latur,Ahmedpur,Wheat,Other,FAQ,1450,1531,1490,12-Feb-18
528,Latur,Ahmedpur,Wheat,Other,FAQ,1450,1531,1490,10-Feb-18
529,Latur,Ahmedpur,Wheat,Other,FAQ,1450,1471,1460,09-Feb-18
530,Latur,Ahmedpur,Wheat,Other,FAQ,1450,1600,1525,08-Feb-18
531,Latur,Ahmedpur,Wheat,Other,FAQ,1400,1500,1450,06-Feb-18
532,Latur,Ahmedpur,Wheat,Other,FAQ,1450,1500,1475,05-Feb-18
533,Latur,Ahmedpur,Wheat,Other,FAQ,1450,1600,1525,03-Feb-18
534,Latur,Ahmedpur,Wheat,Other,FAQ,1450,1500,1475,02-Feb-18
535,Latur,Ahmedpur,Wheat,Other,FAQ,1450,1600,1525,01-Feb-18
536,Latur,Ahmedpur,Wheat,Other,FAQ,1450,1601,1525,31-Jan-18
537,Latur,Ahmedpur,Wheat,Other,FAQ,1300,1425,1350,30-Jan-18
538,Latur,Ahmedpur,Wheat,Other,FAQ,1450,1600,1525,29-Jan-18
539,Latur,Ahmedpur,Wheat,Other,FAQ,1500,1600,1550,27-Jan-18
540,Latur,Ahmedpur,Wheat,Other,FAQ,1500,1600,1550,25-Jan-18
541,Latur,Ahmedpur,Wheat,Other,FAQ,1400,1451,1425,24-Jan-18
542,Latur,Ahmedpur,Wheat,Other,FAQ,1450,1630,1540,23-Jan-18
543,Latur,Ahmedpur,Wheat,Other,FAQ,1350,1500,1425,22-Jan-18
544,Latur,Ahmedpur,Wheat,Other,FAQ,1400,1600,1500,20-Jan-18
545,Latur,Ahmedpur,Wheat,Other,FAQ,1350,1451,1400,19-Jan-18
546,Latur,Ahmedpur,Wheat,Other,FAQ,1350,1500,1425,18-Jan-18
547,Latur,Ahmedpur,Wheat,Other,FAQ,1400,1500,1450,17-Jan-18
548,Latur,Ahmedpur,Wheat,Other,FAQ,1300,1620,1459,13-Jan-18
549,Latur,Ahmedpur,Wheat,Other,FAQ,1300,1470,1350,12-Jan-18
550,Latur,Ahmedpur,Wheat,Other,FAQ,1300,1625,1450,11-Jan-18
551,Latur,Ahmedpur,Wheat,Other,FAQ,1300,1600,1450,10-Jan-18
552,Latur,Ahmedpur,Wheat,Other,FAQ,1400,1450,1425,08-Jan-18
553,Latur,Ahmedpur,Wheat,Other,FAQ,1400,1750,1550,06-Jan-18
554,Latur,Ahmedpur,Wheat,Other,FAQ,1400,1626,1510,05-Jan-18
555,Latur,Ahmedpur,Wheat,Other,FAQ,1400,1700,1550,04-Jan-18
556,Latur,Ahmedpur,Wheat,Other,FAQ,1450,1450,1450,02-Jan-18
557,Latur,Ahmedpur,Wheat,Other,FAQ,1350,1600,1475,01-Jan-18
558,Latur,Ahmedpur,Wheat,Other,FAQ,1400,1600,1500,29-Dec-17
559,Latur,Ahmedpur,Wheat,Other,FAQ,1350,1625,1500,28-Dec-17
560,Latur,Ahmedpur,Wheat,Other,FAQ,1400,1550,1475,27-Dec-17
561,Latur,Ahmedpur,Wheat,Other,FAQ,1200,1650,1425,26-Dec-17
562,Latur,Ahmedpur,Wheat,Other,FAQ,1340,1552,1451,23-Dec-17
563,Latur,Ahmedpur,Wheat,Other,FAQ,1300,1450,1375,22-Dec-17
564,Latur,Ahmedpur,Wheat,Other,FAQ,1400,1550,1475,21-Dec-17
565,Latur,Ahmedpur,Wheat,Other,FAQ,1400,1665,1510,20-Dec-17
566,Latur,Ahmedpur,Wheat,Other,FAQ,1525,1525,1525,15-Dec-17
567,Latur,Ahmedpur,Wheat,Other,FAQ,1400,1565,1450,14-Dec-17
568,Latur,Ahmedpur,Wheat,Other,FAQ,1500,1500,1500,13-Dec-17
569,Latur,Ahmedpur,Wheat,Other,FAQ,1400,1450,1425,12-Dec-17
570,Latur,Ahmedpur,Wheat,Other,FAQ,1300,1400,1350,11-Dec-17
571,Latur,Ahmedpur,Wheat,Other,FAQ,1450,1450,1450,05-Dec-17
572,Latur,Ahmedpur,Wheat,Other,FAQ,1450,1450,1450,02-Dec-17
573,Latur,Ahmedpur,Wheat,Other,FAQ,1350,1550,1450,30-Nov-17
574,Latur,Ahmedpur,Wheat,Other,FAQ,1300,1500,1400,29-Nov-17
575,Latur,Ahmedpur,Wheat,Other,FAQ,1400,1600,1500,28-Nov-17
576,Latur,Ahmedpur,Wheat,Other,FAQ,1600,1600,1600,25-Nov-17
577,Latur,Ahmedpur,Wheat,Other,FAQ,1350,1600,1475,24-Nov-17
578,Latur,Ahmedpur,Wheat,Other,FAQ,1300,1551,1425,23-Nov-17
579,Latur,Ahmedpur,Wheat,Other,FAQ,1300,1551,1425,22-Nov-17
580,Latur,Ahmedpur,Wheat,Other,FAQ,1450,1450,1450,21-Nov-17
581,Latur,Ahmedpur,Wheat,Other,FAQ,1300,1450,1375,20-Nov-17
582,Latur,Ahmedpur,Wheat,Other,FAQ,1450,1500,1475,17-Nov-17
583,Latur,Ahmedpur,Wheat,Other,FAQ,1300,1660,1450,16-Nov-17
584,Latur,Ahmedpur,Wheat,Other,FAQ,1400,1550,1475,15-Nov-17
585,Latur,Ahmedpur,Wheat,Other,FAQ,1300,1500,1400,13-Nov-17
586,Latur,Ahmedpur,Wheat,Other,FAQ,1400,1400,1400,11-Nov-17
587,Latur,Ahmedpur,Wheat,Other,FAQ,1350,1621,1485,10-Nov-17
588,Latur,Ahmedpur,Wheat,Other,FAQ,1350,1565,1450,09-Nov-17
589,Latur,Ahmedpur,Wheat,Other,FAQ,1450,1500,1475,08-Nov-17
590,Latur,Ahmedpur,Wheat,Other,FAQ,1300,1600,1450,07-Nov-17
591,Latur,Ahmedpur,Wheat,Other,FAQ,1300,1600,1450,06-Nov-17
592,Latur,Ahmedpur,Wheat,Other,FAQ,1450,1450,1450,03-Nov-17
593,Latur,Ahmedpur,Wheat,Other,FAQ,1400,1450,1425,02-Nov-17
594,Latur,Ahmedpur,Wheat,Other,FAQ,1450,1450,1450,01-Nov-17
595,Latur,Ahmedpur,Wheat,Other,FAQ,1475,1475,1475,28-Oct-17
596,Latur,Ahmedpur,Wheat,Other,FAQ,1300,1661,1475,23-Oct-17
597,Latur,Ahmedpur,Wheat,Other,FAQ,1450,1450,1450,20-Oct-17
598,Latur,Ahmedpur,Wheat,Other,FAQ,1300,1480,1375,14-Oct-17
599,Latur,Ahmedpur,Wheat,Other,FAQ,1300,1450,1375,13-Oct-17
600,Latur,Ahmedpur,Wheat,Other,FAQ,1300,1450,1375,12-Oct-17
601,Latur,Ahmedpur,Wheat,Other,FAQ,1300,1428,1350,11-Oct-17
602,Latur,Ahmedpur,Wheat,Other,FAQ,1300,1450,1375,10-Oct-17
603,Latur,Ahmedpur,Wheat,Other,FAQ,1300,1460,1375,09-Oct-17
604,Latur,Ahmedpur,Wheat,Other,FAQ,1425,1425,1425,07-Oct-17
605,Latur,Ahmedpur,Wheat,Other,FAQ,1300,1525,1410,03-Oct-17
606,Latur,Ahmedpur,Wheat,Other,FAQ,1450,1450,1450,28-Sep-17
607,Latur,Ahmedpur,Wheat,Other,FAQ,1411,1411,1411,27-Sep-17
608,Latur,Ahmedpur,Wheat,Other,FAQ,1350,1461,1400,26-Sep-17
609,Latur,Ahmedpur,Wheat,Other,FAQ,1350,1525,1400,25-Sep-17
610,Latur,Ahmedpur,Wheat,Other,FAQ,1350,1450,1400,23-Sep-17
611,Latur,Ahmedpur,Wheat,Other,FAQ,1400,1400,1400,22-Sep-17
612,Latur,Ahmedpur,Wheat,Other,FAQ,1350,1600,1475,21-Sep-17
613,Latur,Ahmedpur,Wheat,Other,FAQ,1400,1500,1450,19-Sep-17
614,Latur,Ahmedpur,Wheat,Other,FAQ,1400,1600,1500,18-Sep-17
615,Latur,Ahmedpur,Wheat,Other,FAQ,1450,1500,1475,16-Sep-17
616,Latur,Ahmedpur,Wheat,Other,FAQ,1300,1500,1400,15-Sep-17
617,Latur,Ahmedpur,Wheat,Other,FAQ,1450,1500,1475,14-Sep-17
618,Latur,Ahmedpur,Wheat,Other,FAQ,1450,1555,1502,13-Sep-17
619,Latur,Ahmedpur,Wheat,Other,FAQ,1300,1575,1440,12-Sep-17
620,Latur,Ahmedpur,Wheat,Other,FAQ,1350,1600,1475,11-Sep-17
621,Latur,Ahmedpur,Wheat,Other,FAQ,1450,1700,1575,09-Sep-17
622,Latur,Ahmedpur,Wheat,Other,FAQ,1400,1750,1575,08-Sep-17
623,Latur,Ahmedpur,Wheat,Other,FAQ,1450,1511,1480,07-Sep-17
624,Latur,Ahmedpur,Wheat,Other,FAQ,1400,1550,1475,06-Sep-17
625,Latur,Ahmedpur,Wheat,Other,FAQ,1450,1751,1600,04-Sep-17
626,Latur,Ahmedpur,Wheat,Other,FAQ,1400,1851,1625,01-Sep-17
627,Latur,Ahmedpur,Wheat,Other,FAQ,1476,1500,1488,31-Aug-17
628,Latur,Ahmedpur,Wheat,Other,FAQ,1400,1600,1500,29-Aug-17
629,Latur,Ahmedpur,Wheat,Other,FAQ,1400,1800,1600,28-Aug-17
630,Latur,Ahmedpur,Wheat,Other,FAQ,1400,1500,1450,26-Aug-17
631,Latur,Ahmedpur,Wheat,Other,FAQ,1400,1600,1500,24-Aug-17
632,Latur,Ahmedpur,Wheat,Other,FAQ,1500,1600,1550,22-Aug-17
633,Latur,Ahmedpur,Wheat,Other,FAQ,1400,1600,1500,19-Aug-17
634,Latur,Ahmedpur,Wheat,Other,FAQ,1300,1830,1550,18-Aug-17
635,Latur,Ahmedpur,Wheat,Other,FAQ,1350,1900,1625,16-Aug-17
636,Latur,Ahmedpur,Wheat,Other,FAQ,1300,1670,1450,12-Aug-17
637,Latur,Ahmedpur,Wheat,Other,FAQ,1330,1570,1450,11-Aug-17
638,Latur,Ahmedpur,Wheat,Other,FAQ,1400,1500,1450,10-Aug-17
639,Latur,Ahmedpur,Wheat,Other,FAQ,1400,1500,1450,09-Aug-17
640,Latur,Ahmedpur,Wheat,Other,FAQ,1300,1551,1425,08-Aug-17
641,Latur,Ahmedpur,Wheat,Other,FAQ,1300,1550,1425,05-Aug-17
642,Latur,Ahmedpur,Wheat,Other,FAQ,1350,1600,1475,04-Aug-17
643,Latur,Ahmedpur,Wheat,Other,FAQ,1300,1600,1450,03-Aug-17
644,Latur,Ahmedpur,Wheat,Other,FAQ,1350,1660,1500,02-Aug-17
645,Latur,Ahmedpur,Wheat,Other,FAQ,1350,1550,1450,01-Aug-17
646,Latur,Ahmedpur,Wheat,Other,FAQ,1350,1781,1600,31-Jul-17
647,Latur,Ahmedpur,Wheat,Other,FAQ,1300,1700,1500,29-Jul-17
648,Latur,Ahmedpur,Wheat,Other,FAQ,1350,1600,1475,28-Jul-17
649,Latur,Ahmedpur,Wheat,Other,FAQ,1350,1600,1500,26-Jul-17
650,Latur,Ahmedpur,Wheat,Other,FAQ,1350,1375,1360,25-Jul-17
651,Latur,Ahmedpur,Wheat,Other,FAQ,1350,1550,1450,24-Jul-17
652,Latur,Ahmedpur,Wheat,Other,FAQ,1300,1600,1600,22-Jul-17
653,Latur,Ahmedpur,Wheat,Other,FAQ,1300,1600,1450,20-Jul-17
654,Latur,Ahmedpur,Wheat,Other,FAQ,1300,1700,1500,19-Jul-17
655,Latur,Ahmedpur,Wheat,Other,FAQ,1300,1600,1450,18-Jul-17
656,Latur,Ahmedpur,Wheat,Other,FAQ,1300,1600,1450,17-Jul-17
657,Latur,Ahmedpur,Wheat,Other,FAQ,1300,1700,1500,15-Jul-17
658,Latur,Ahmedpur,Wheat,Other,FAQ,1300,1712,1500,13-Jul-17
659,Latur,Ahmedpur,Wheat,Other,FAQ,1340,1600,1450,12-Jul-17
660,Latur,Ahmedpur,Wheat,Other,FAQ,1300,1700,1500,10-Jul-17
661,Latur,Ahmedpur,Wheat,Other,FAQ,1300,1550,1425,08-Jul-17
662,Latur,Ahmedpur,Wheat,Other,FAQ,1300,1580,1440,07-Jul-17
663,Latur,Ahmedpur,Wheat,Other,FAQ,1300,1600,1450,06-Jul-17
664,Latur,Ahmedpur,Wheat,Other,FAQ,1300,1550,1425,05-Jul-17
665,Latur,Ahmedpur,Wheat,Other,FAQ,1250,1621,1435,03-Jul-17
666,Latur,Ahmedpur,Wheat,Other,FAQ,1350,1600,1500,01-Jul-17
667,Latur,Ahmedpur,Wheat,Other,FAQ,1300,1781,1500,30-Jun-17
668,Latur,Ahmedpur,Wheat,Other,FAQ,1300,2000,1600,29-Jun-17
669,Latur,Ahmedpur,Wheat,Other,FAQ,1300,1901,1600,28-Jun-17
670,Latur,Ahmedpur,Wheat,Other,FAQ,1300,1600,1450,23-Jun-17
671,Latur,Ahmedpur,Wheat,Other,FAQ,1300,1735,1500,22-Jun-17
672,Latur,Ahmedpur,Wheat,Other,FAQ,1300,1800,1550,21-Jun-17
673,Latur,Ahmedpur,Wheat,Other,FAQ,1300,1550,1425,20-Jun-17
674,Latur,Ahmedpur,Wheat,Other,FAQ,1300,1600,1450,19-Jun-17
675,Latur,Ahmedpur,Wheat,Other,FAQ,1300,1500,1400,17-Jun-17
676,Latur,Ahmedpur,Wheat,Other,FAQ,1300,1551,1425,16-Jun-17
677,Latur,Ahmedpur,Wheat,Other,FAQ,1300,1651,1475,15-Jun-17
678,Latur,Ahmedpur,Wheat,Other,FAQ,1300,1550,1425,14-Jun-17
679,Latur,Ahmedpur,Wheat,Other,FAQ,1300,1625,1462,12-Jun-17
680,Latur,Ahmedpur,Wheat,Other,FAQ,1300,1626,1426,09-Jun-17
681,Latur,Ahmedpur,Wheat,Other,FAQ,1300,1790,1545,08-Jun-17
682,Latur,Ahmedpur,Wheat,Other,FAQ,1350,1800,1550,03-May-17
683,Latur,Ahmedpur,Wheat,Other,FAQ,1350,2200,1725,02-May-17
684,Latur,Ahmedpur,Wheat,Other,FAQ,1300,1630,1450,29-Apr-17
685,Latur,Ahmedpur,Wheat,Other,FAQ,1300,1701,1500,27-Apr-17
686,Latur,Ahmedpur,Wheat,Other,FAQ,1350,1631,1530,25-Apr-17
687,Latur,Ahmedpur,Wheat,Other,FAQ,1300,1890,1645,24-Apr-17
688,Latur,Ahmedpur,Wheat,Other,FAQ,1300,1800,1550,22-Apr-17
689,Latur,Ahmedpur,Wheat,Other,FAQ,1700,1800,1750,21-Apr-17
690,Latur,Ahmedpur,Wheat,Other,FAQ,1800,1900,1850,20-Apr-17
691,Latur,Ahmedpur,Wheat,Other,FAQ,1600,1700,1650,19-Apr-17
692,Latur,Ahmedpur,Wheat,Other,FAQ,1700,1900,1800,18-Apr-17
693,Latur,Ahmedpur,Wheat,Other,FAQ,1300,1900,1600,17-Apr-17
694,Latur,Ahmedpur,Wheat,Other,FAQ,1300,1800,1550,15-Apr-17
695,Latur,Ahmedpur,Wheat,Other,FAQ,1300,1800,1550,13-Apr-17
696,Latur,Ahmedpur,Wheat,Other,FAQ,1300,1810,1550,12-Apr-17
697,Latur,Ahmedpur,Wheat,Other,FAQ,1300,1750,1525,10-Apr-17
698,Latur,Ahmedpur,Wheat,Other,FAQ,1600,1800,1700,08-Apr-17
699,Latur,Ahmedpur,Wheat,Other,FAQ,1600,1700,1650,07-Apr-17
700,Latur,Ahmedpur,Wheat,Other,FAQ,1500,1700,1600,06-Apr-17
701,Latur,Ahmedpur,Wheat,Other,FAQ,1300,1760,1530,05-Apr-17
702,Latur,Ahmedpur,Wheat,Other,FAQ,1300,1760,1530,03-Apr-17
703,Latur,Ahmedpur,Wheat,Other,FAQ,1500,1850,1650,01-Apr-17
704,Latur,Ahmedpur,Wheat,Other,FAQ,1300,1725,1510,27-Mar-17
705,Latur,Ahmedpur,Wheat,Other,FAQ,1300,1800,1550,25-Mar-17
706,Latur,Ahmedpur,Wheat,Other,FAQ,1300,1680,1500,24-Mar-17
707,Latur,Ahmedpur,Wheat,Other,FAQ,1300,1700,1500,23-Mar-17
708,Latur,Ahmedpur,Wheat,Other,FAQ,1300,1750,1450,22-Mar-17
709,Latur,Ahmedpur,Wheat,Other,FAQ,1300,1750,1525,21-Mar-17
710,Latur,Ahmedpur,Wheat,Other,FAQ,1300,1700,1500,20-Mar-17
711,Latur,Ahmedpur,Wheat,Other,FAQ,1300,1700,1500,11-Mar-17
712,Latur,Ahmedpur,Wheat,Other,FAQ,1300,1700,1500,10-Mar-17
713,Latur,Ahmedpur,Wheat,Other,FAQ,1300,1500,1400,09-Mar-17
714,Latur,Ahmedpur,Wheat,Other,FAQ,1300,1721,1500,08-Mar-17
715,Latur,Ahmedpur,Wheat,Other,FAQ,1300,1930,1650,07-Mar-17
716,Latur,Ahmedpur,Wheat,Other,FAQ,1300,1650,1450,06-Mar-17
717,Latur,Ahmedpur,Wheat,Other,FAQ,1300,1700,1450,04-Mar-17
718,Latur,Ahmedpur,Wheat,Other,FAQ,1300,1650,1475,03-Mar-17
719,Latur,Ahmedpur,Wheat,Other,FAQ,1100,1700,1400,02-Mar-17
720,Latur,Ahmedpur,Wheat,Other,FAQ,1300,1701,1500,01-Mar-17
721,Latur,Ahmedpur,Wheat,Other,FAQ,1300,1886,1593,28-Feb-17
722,Latur,Ahmedpur,Wheat,Other,FAQ,1400,1451,1425,23-Feb-17
723,Latur,Ahmedpur,Wheat,Other,FAQ,1351,1615,1484,22-Feb-17
724,Latur,Ahmedpur,Wheat,Other,FAQ,1400,2040,1720,21-Feb-17
725,Latur,Ahmedpur,Wheat,Other,FAQ,1400,1871,1630,18-Feb-17
726,Latur,Ahmedpur,Wheat,Other,FAQ,1450,1450,1450,17-Feb-17
727,Latur,Ahmedpur,Wheat,Other,FAQ,1450,1450,1450,15-Feb-17
728,Latur,Ahmedpur,Wheat,Other,FAQ,1450,1450,1450,14-Feb-17
729,Latur,Ahmedpur,Wheat,Other,FAQ,1400,2100,1750,11-Feb-17
730,Latur,Ahmedpur,Wheat,Other,FAQ,1450,1450,1450,10-Feb-17
731,Latur,Ahmedpur,Wheat,Other,FAQ,1450,1450,1450,09-Feb-17
732,Latur,Ahmedpur,Wheat,Other,FAQ,1450,1450,1450,08-Feb-17
733,Latur,Ahmedpur,Wheat,Other,FAQ,1450,1450,1450,07-Feb-17
734,Latur,Ahmedpur,Wheat,Other,FAQ,1450,1450,1450,06-Feb-17
735,Latur,Ahmedpur,Wheat,Other,FAQ,145,1450,1450,04-Feb-17
736,Latur,Ahmedpur,Wheat,Other,FAQ,1450,1450,1450,03-Feb-17
737,Latur,Ahmedpur,Wheat,Other,FAQ,1400,1500,1450,02-Feb-17
738,Latur,Ahmedpur,Wheat,Other,FAQ,1450,1500,1475,01-Feb-17
739,Latur,Ahmedpur,Wheat,Other,FAQ,140,1500,1450,30-Jan-17
740,Latur,Ahmedpur,Wheat,Other,FAQ,1400,1400,1400,28-Jan-17
741,Latur,Ahmedpur,Wheat,Other,FAQ,1400,1400,1400,25-Jan-17
742,Latur,Ahmedpur,Wheat,Other,FAQ,1400,1500,1450,24-Jan-17
743,Latur,Ahmedpur,Wheat,Other,FAQ,1400,1725,1560,18-Jan-17
744,Latur,Ahmedpur,Wheat,Other,FAQ,1450,1500,1475,16-Jan-17
745,Latur,Ahmedpur,Wheat,Other,FAQ,1450,1500,1475,13-Jan-17
746,Latur,Ahmedpur,Wheat,Other,FAQ,1500,1500,1500,12-Jan-17
747,Latur,Ahmedpur,Wheat,Other,FAQ,1450,1450,1450,11-Jan-17
748,Latur,Ahmedpur,Wheat,Other,FAQ,1450,1500,1475,10-Jan-17
749,Latur,Ahmedpur,Wheat,Other,FAQ,1450,1500,1475,09-Jan-17
750,Latur,Ahmedpur,Wheat,Other,FAQ,1550,1550,1550,07-Jan-17
751,Latur,Ahmedpur,Wheat,Other,FAQ,1400,1500,1450,06-Jan-17
752,Latur,Ahmedpur,Wheat,Other,FAQ,1400,1500,1450,05-Jan-17
753,Latur,Ahmedpur,Wheat,Other,FAQ,1400,1510,1450,04-Jan-17
754,Latur,Ahmedpur,Wheat,Other,FAQ,1400,1500,1450,03-Jan-17
755,Latur,Ahmedpur,Wheat,Other,FAQ,1500,1500,1500,02-Jan-17
756,Latur,Ahmedpur,Wheat,Other,FAQ,1500,1500,1500,27-Dec-16
757,Latur,Ahmedpur,Wheat,Other,FAQ,1400,1500,1450,26-Dec-16
758,Latur,Ahmedpur,Wheat,Other,FAQ,1450,1500,1475,24-Dec-16
759,Latur,Ahmedpur,Wheat,Other,FAQ,1450,1500,1475,23-Dec-16
760,Latur,Ahmedpur,Wheat,Other,FAQ,1450,1500,1475,22-Dec-16
761,Latur,Ahmedpur,Wheat,Other,FAQ,1480,1480,1480,21-Dec-16
762,Latur,Ahmedpur,Wheat,Other,FAQ,1450,1500,1475,17-Dec-16
763,Latur,Ahmedpur,Wheat,Other,FAQ,1450,1520,1485,16-Dec-16
764,Latur,Ahmedpur,Wheat,Other,FAQ,1450,1500,1475,13-Dec-16
765,Latur,Ahmedpur,Wheat,Other,FAQ,1400,1470,1435,10-Dec-16
766,Latur,Ahmedpur,Wheat,Other,FAQ,1400,1450,1425,09-Dec-16
767,Latur,Ahmedpur,Wheat,Other,FAQ,1450,1540,1500,08-Dec-16
768,Latur,Ahmedpur,Wheat,Other,FAQ,1450,1450,1450,07-Dec-16
769,Latur,Ahmedpur,Wheat,Other,FAQ,1500,1500,1500,06-Dec-16
770,Latur,Ahmedpur,Wheat,Other,FAQ,1500,1520,1510,05-Dec-16
771,Latur,Ahmedpur,Wheat,Other,FAQ,1400,1500,1450,03-Dec-16
772,Latur,Ahmedpur,Wheat,Other,FAQ,1400,1450,1425,02-Dec-16
773,Latur,Ahmedpur,Wheat,Other,FAQ,1400,1500,1450,01-Dec-16
774,Latur,Ahmedpur,Wheat,Other,FAQ,1450,1500,1475,30-Nov-16
775,Latur,Ahmedpur,Wheat,Other,FAQ,1400,1500,1450,28-Nov-16
776,Latur,Ahmedpur,Wheat,Other,FAQ,1500,1500,1500,25-Nov-16
777,Latur,Ahmedpur,Wheat,Other,FAQ,1470,1470,1470,24-Nov-16
778,Latur,Ahmedpur,Wheat,Other,FAQ,1400,1470,1435,23-Nov-16
779,Latur,Ahmedpur,Wheat,Other,FAQ,1400,1470,1435,22-Nov-16
780,Latur,Ahmedpur,Wheat,Other,FAQ,1400,1470,1435,21-Nov-16
781,Latur,Ahmedpur,Wheat,Other,FAQ,1450,1450,1450,19-Nov-16
782,Latur,Ahmedpur,Wheat,Other,FAQ,1500,1500,1500,18-Nov-16
783,Latur,Ahmedpur,Wheat,Other,FAQ,1450,1450,1450,17-Nov-16
784,Latur,Ahmedpur,Wheat,Other,FAQ,1450,1450,1450,16-Nov-16
785,Latur,Ahmedpur,Wheat,Other,FAQ,1450,1450,1450,12-Nov-16
786,Latur,Ahmedpur,Wheat,Other,FAQ,1450,1480,1465,09-Nov-16
787,Latur,Ahmedpur,Wheat,Other,FAQ,1400,1450,1425,08-Nov-16
788,Latur,Ahmedpur,Wheat,Other,FAQ,1400,1450,1425,07-Nov-16
789,Latur,Ahmedpur,Wheat,Other,FAQ,1450,1450,1450,05-Nov-16
790,Latur,Ahmedpur,Wheat,Other,FAQ,1451,1451,1451,03-Nov-16
791,Latur,Ahmedpur,Wheat,Other,FAQ,1451,1451,1451,02-Nov-16
792,Latur,Ahmedpur,Wheat,Other,FAQ,1400,1450,1425,26-Oct-16
793,Latur,Ahmedpur,Wheat,Other,FAQ,1400,1450,1425,25-Oct-16
794,Latur,Ahmedpur,Wheat,Other,FAQ,1400,1450,1420,24-Oct-16
795,Latur,Ahmedpur,Wheat,Other,FAQ,1450,1450,1450,22-Oct-16
796,Latur,Ahmedpur,Wheat,Other,FAQ,1450,1451,1450,21-Oct-16
797,Latur,Ahmedpur,Wheat,Other,FAQ,1400,1470,1430,20-Oct-16
798,Latur,Ahmedpur,Wheat,Other,FAQ,1400,1470,1435,19-Oct-16
799,Latur,Ahmedpur,Wheat,Other,FAQ,1440,1444,1442,17-Oct-16
800,Latur,Ahmedpur,Wheat,Other,FAQ,1400,1470,1435,15-Oct-16
801,Latur,Ahmedpur,Wheat,Other,FAQ,1400,1465,1430,13-Oct-16
802,Latur,Ahmedpur,Wheat,Other,FAQ,1400,1470,1435,08-Oct-16
803,Latur,Ahmedpur,Wheat,Other,FAQ,1300,1440,1320,07-Oct-16
804,Latur,Ahmedpur,Wheat,Other,FAQ,1400,1470,1435,06-Oct-16
805,Latur,Ahmedpur,Wheat,Other,FAQ,1400,1470,1435,05-Oct-16
806,Latur,Ahmedpur,Wheat,Other,FAQ,1400,1470,1435,03-Oct-16
807,Latur,Ahmedpur,Wheat,Other,FAQ,1440,1450,1445,29-Sep-16
808,Latur,Ahmedpur,Wheat,Other,FAQ,1425,1450,1430,28-Sep-16
809,Latur,Ahmedpur,Wheat,Other,FAQ,1400,1440,1420,27-Sep-16
810,Latur,Ahmedpur,Wheat,Other,FAQ,1400,2000,1720,26-Sep-16
811,Latur,Ahmedpur,Wheat,Other,FAQ,1400,1440,1420,23-Sep-16
812,Latur,Ahmedpur,Wheat,Other,FAQ,1400,1425,1412,22-Sep-16
813,Latur,Ahmedpur,Wheat,Other,FAQ,1400,1425,1412,20-Sep-16
814,Latur,Ahmedpur,Wheat,Other,FAQ,1400,1425,1412,19-Sep-16
815,Latur,Ahmedpur,Wheat,Other,FAQ,1400,1400,1400,15-Sep-16
816,Latur,Ahmedpur,Wheat,Other,FAQ,1400,1400,1400,14-Sep-16
817,Latur,Ahmedpur,Wheat,Other,FAQ,1400,1400,1400,12-Sep-16
818,Latur,Ahmedpur,Wheat,Other,FAQ,1400,1400,1400,03-Sep-16
819,Latur,Ahmedpur,Wheat,Other,FAQ,1400,1400,1400,02-Sep-16
820,Latur,Ahmedpur,Wheat,Other,FAQ,1400,2016,1708,30-Aug-16
821,Latur,Ahmedpur,Wheat,Other,FAQ,1400,1600,1500,29-Aug-16
822,Latur,Ahmedpur,Wheat,Other,FAQ,1400,1400,1400,26-Aug-16
823,Latur,Ahmedpur,Wheat,Other,FAQ,1400,1801,1600,25-Aug-16
824,Latur,Ahmedpur,Wheat,Other,FAQ,1400,1400,1400,20-Aug-16
825,Latur,Ahmedpur,Wheat,Other,FAQ,1400,1400,1400,19-Aug-16
826,Latur,Ahmedpur,Wheat,Other,FAQ,1400,1400,1400,16-Aug-16
827,Latur,Ahmedpur,Wheat,Other,FAQ,1400,1400,1400,13-Aug-16
828,Latur,Ahmedpur,Wheat,Other,FAQ,1400,1400,1400,09-Aug-16
829,Latur,Ahmedpur,Wheat,Other,FAQ,1400,1400,1400,08-Aug-16
830,Latur,Ahmedpur,Wheat,Other,FAQ,1400,1450,1450,04-Aug-16
831,Latur,Ahmedpur,Wheat,Other,FAQ,1400,1450,1450,03-Aug-16
832,Latur,Ahmedpur,Wheat,Other,FAQ,1400,1430,1430,01-Aug-16
833,Latur,Ahmedpur,Wheat,Other,FAQ,1410,1430,1430,30-Jul-16
834,Latur,Ahmedpur,Wheat,Other,FAQ,1400,1426,1415,29-Jul-16
835,Latur,Ahmedpur,Wheat,Other,FAQ,1650,1700,1675,14-Jul-16
836,Latur,Ahmedpur,Wheat,Other,FAQ,1450,1450,1450,09-Jul-16
837,Latur,Ahmedpur,Wheat,Other,FAQ,1430,1440,1435,08-Jul-16
838,Latur,Ahmedpur,Wheat,Other,FAQ,1470,1470,1470,05-Jul-16
839,Latur,Ahmedpur,Wheat,Other,FAQ,1500,1500,1500,02-Jul-16
840,Latur,Ahmedpur,Wheat,Other,FAQ,1450,1660,1555,30-Jun-16
841,Latur,Ahmedpur,Wheat,Other,FAQ,1400,1400,1400,29-Jun-16
842,Latur,Ahmedpur,Wheat,Other,FAQ,1400,1400,1400,27-Jun-16
843,Latur,Ahmedpur,Wheat,Other,FAQ,1425,1425,1425,24-Jun-16
844,Latur,Ahmedpur,Wheat,Other,FAQ,1400,2000,1700,22-Jun-16
845,Latur,Ahmedpur,Wheat,Other,FAQ,1400,1400,1400,21-Jun-16
846,Latur,Ahmedpur,Wheat,Other,FAQ,1400,1400,1400,20-Jun-16
847,Latur,Ahmedpur,Wheat,Other,FAQ,1400,1400,1400,18-Jun-16
848,Latur,Ahmedpur,Wheat,Other,FAQ,1400,1400,1400,16-Jun-16
849,Latur,Ahmedpur,Wheat,Other,FAQ,1400,1400,1400,15-Jun-16
850,Latur,Ahmedpur,Wheat,Other,FAQ,1400,1400,1400,14-Jun-16
851,Latur,Ahmedpur,Wheat,Other,FAQ,1400,1400,1400,13-Jun-16
852,Latur,Ahmedpur,Wheat,Other,FAQ,1400,1400,1400,20-May-16
853,Latur,Ahmedpur,Wheat,Other,FAQ,1400,1400,1400,25-Apr-16
854,Latur,Ahmedpur,Wheat,Other,FAQ,1400,1400,1400,23-Apr-16
855,Latur,Ahmedpur,Wheat,Other,FAQ,1400,1400,1400,21-Apr-16
856,Latur,Ahmedpur,Wheat,Other,FAQ,1400,1400,1400,20-Apr-16
857,Latur,Ahmedpur,Wheat,Other,FAQ,1400,1400,1400,18-Apr-16
858,Latur,Ahmedpur,Wheat,Other,FAQ,1400,1400,1400,16-Apr-16
859,Latur,Ahmedpur,Wheat,Other,FAQ,1400,1400,1400,13-Apr-16
860,Latur,Ahmedpur,Wheat,Other,FAQ,1400,1400,1400,12-Apr-16
861,Latur,Ahmedpur,Wheat,Other,FAQ,1400,1600,1500,11-Apr-16
862,Latur,Ahmedpur,Wheat,Other,FAQ,1400,1400,1400,09-Apr-16
863,Latur,Ahmedpur,Wheat,Other,FAQ,1400,1400,1400,06-Apr-16
864,Latur,Ahmedpur,Wheat,Other,FAQ,1400,1400,1400,05-Apr-16
865,Latur,Ahmedpur,Wheat,Other,FAQ,1400,1400,1400,04-Apr-16
866,Latur,Ahmedpur,Wheat,Other,FAQ,1400,1400,1400,02-Apr-16
867,Latur,Ahmedpur,Wheat,Other,FAQ,1400,1400,1400,01-Apr-16
868,Latur,Ahmedpur,Wheat,Other,FAQ,1400,1400,1400,31-Mar-16
869,Latur,Ahmedpur,Wheat,Other,FAQ,1400,1400,1400,30-Mar-16
870,Latur,Ahmedpur,Wheat,Other,FAQ,1400,1400,1400,29-Mar-16
871,Latur,Ahmedpur,Wheat,Other,FAQ,1400,1400,1400,22-Mar-16
872,Latur,Ahmedpur,Wheat,Other,FAQ,1400,1400,1400,21-Mar-16
873,Latur,Ahmedpur,Wheat,Other,FAQ,1400,1400,1400,19-Mar-16
874,Latur,Ahmedpur,Wheat,Other,FAQ,1400,1400,1400,18-Mar-16
875,Latur,Ahmedpur,Wheat,Other,FAQ,1400,1400,1400,17-Mar-16
876,Latur,Ahmedpur,Wheat,Other,FAQ,1400,1400,1400,16-Mar-16
877,Latur,Ahmedpur,Wheat,Other,FAQ,1400,1400,1400,15-Mar-16
878,Latur,Ahmedpur,Wheat,Other,FAQ,1425,1425,1425,14-Mar-16
879,Latur,Ahmedpur,Wheat,Other,FAQ,1400,1600,1475,11-Mar-16
880,Latur,Ahmedpur,Wheat,Other,FAQ,1400,1400,1400,30-Dec-15
881,Latur,Ahmedpur,Wheat,Other,FAQ,2289,2289,2289,21-Nov-15
882,Latur,Ahmedpur,Wheat,Other,FAQ,1400,1400,1400,30-Oct-15
883,Latur,Ahmedpur,Wheat,Other,FAQ,1411,1411,1411,23-Oct-15
884,Latur,Ahmedpur,Wheat,Other,FAQ,1400,1400,1400,10-Oct-15
885,Latur,Ahmedpur,Wheat,Other,FAQ,1400,1400,1400,26-Sep-15
886,Latur,Ahmedpur,Wheat,Other,FAQ,1651,1651,1651,28-Aug-15
887,Latur,Ahmedpur,Wheat,Other,FAQ,1400,1400,1400,27-Aug-15
888,Latur,Ahmedpur,Wheat,Other,FAQ,1401,1601,1601,21-Aug-15
889,Latur,Ahmedpur,Wheat,Other,FAQ,1400,1400,1400,13-Jul-15
890,Latur,Ahmedpur,Wheat,Other,FAQ,1400,1400,1400,11-Jul-15
891,Latur,Ahmedpur,Wheat,Other,FAQ,1400,1400,1400,10-Jul-15
892,Latur,Ahmedpur,Wheat,Other,FAQ,1400,1400,1400,09-Jul-15
893,Latur,Ahmedpur,Wheat,Other,FAQ,1400,1400,1400,08-Jul-15
894,Latur,Ahmedpur,Wheat,Other,FAQ,1400,1400,1400,26-Jun-15
895,Latur,Ahmedpur,Wheat,Other,FAQ,2151,2151,2151,22-Jun-15
896,Latur,Ahmedpur,Wheat,Other,FAQ,1400,1400,1400,20-Jun-15
897,Latur,Ahmedpur,Wheat,Other,FAQ,1250,1355,1300,03-Nov-14
898,Latur,Ahmedpur,Wheat,Other,FAQ,1350,1350,1350,01-Nov-14
899,Latur,Ahmedpur,Wheat,Other,FAQ,1300,1366,1330,31-Oct-14
900,Latur,Ahmedpur,Wheat,Other,FAQ,1350,1350,1350,30-Oct-14
901,Latur,Ahmedpur,Wheat,Other,FAQ,1350,1350,1350,29-Oct-14
902,Latur,Ahmedpur,Wheat,Other,FAQ,1300,1300,1300,28-Oct-14
903,Latur,Ahmedpur,Wheat,Other,FAQ,1200,1325,1275,27-Oct-14
904,Latur,Ahmedpur,Wheat,Other,FAQ,1301,1360,1330,24-Oct-14
905,Latur,Ahmedpur,Wheat,Other,FAQ,1000,1300,1150,17-Oct-14
906,Latur,Ahmedpur,Wheat,Other,FAQ,1000,1000,1000,16-Oct-14
907,Latur,Ahmedpur,Wheat,Other,FAQ,1250,1250,1250,14-Oct-14
908,Latur,Ahmedpur,Wheat,Other,FAQ,1300,1325,1315,13-Oct-14
909,Latur,Ahmedpur,Wheat,Other,FAQ,1250,1300,1275,11-Oct-14
910,Latur,Ahmedpur,Wheat,Other,FAQ,900,1300,1100,10-Oct-14
911,Latur,Ahmedpur,Wheat,Other,FAQ,1260,1300,1280,09-Oct-14
912,Latur,Ahmedpur,Wheat,Other,FAQ,1300,1300,1300,08-Oct-14
913,Latur,Ahmedpur,Wheat,Other,FAQ,1200,1300,1250,07-Oct-14
914,Latur,Ahmedpur,Wheat,Other,FAQ,1200,1331,1265,04-Oct-14
915,Latur,Ahmedpur,Wheat,Other,FAQ,1275,1300,1290,01-Oct-14
916,Latur,Ahmedpur,Wheat,Other,FAQ,1200,1521,1360,16-Aug-14
917,Latur,Ahmedpur,Wheat,Other,FAQ,1501,1600,1550,14-Aug-14
918,Latur,Ahmedpur,Wheat,Other,FAQ,1300,1440,1370,13-Aug-14
919,Latur,Ahmedpur,Wheat,Other,FAQ,1450,1671,1560,12-Aug-14
920,Latur,Ahmedpur,Wheat,Other,FAQ,1400,1700,1550,11-Aug-14
921,Latur,Ahmedpur,Wheat,Other,FAQ,1450,1460,1455,09-Aug-14
922,Latur,Ahmedpur,Wheat,Other,FAQ,1430,1461,1445,07-Aug-14
923,Latur,Ahmedpur,Wheat,Other,FAQ,1450,1500,1475,06-Aug-14
924,Latur,Ahmedpur,Wheat,Other,FAQ,1200,1500,1350,19-Jun-14
925,Latur,Ahmedpur,Wheat,Other,FAQ,1225,1300,1250,18-Jun-14
926,Latur,Ahmedpur,Wheat,Other,FAQ,1280,1500,1390,10-Jun-14
927,Latur,Ahmedpur,Wheat,Other,FAQ,1200,1600,1400,09-Jun-14
928,Latur,Ahmedpur,Wheat,Other,FAQ,1000,1225,1100,14-Nov-13
929,Latur,Ahmedpur,Wheat,Other,FAQ,1300,1350,1325,08-Nov-13
930,Latur,Ahmedpur,Wheat,Other,FAQ,1100,1350,1225,07-Nov-13
931,Latur,Ahmedpur,Wheat,Other,FAQ,1200,1350,1275,30-Oct-13
932,Latur,Ahmedpur,Wheat,Other,FAQ,1200,1425,1310,29-Oct-13
933,Latur,Ahmedpur,Wheat,Other,FAQ,1200,1671,1435,28-Oct-13
934,Latur,Ahmedpur,Wheat,Other,FAQ,1300,1380,1340,26-Oct-13
935,Latur,Ahmedpur,Wheat,Other,FAQ,1276,1761,1520,25-Oct-13
936,Latur,Ahmedpur,Wheat,Other,FAQ,1300,1350,1325,15-Oct-13
937,Latur,Ahmedpur,Wheat,Other,FAQ,1351,1501,1426,14-Oct-13
938,Latur,Ahmedpur,Wheat,Other,FAQ,1350,1500,1425,12-Oct-13
939,Latur,Ahmedpur,Wheat,Other,FAQ,1300,1400,1350,11-Oct-13
940,Latur,Ahmedpur,Wheat,Other,FAQ,1350,1500,1425,10-Oct-13
941,Latur,Ahmedpur,Wheat,Other,FAQ,1350,1380,1365,09-Oct-13
942,Latur,Ahmedpur,Wheat,Other,FAQ,1351,1451,1401,08-Oct-13
943,Latur,Ahmedpur,Wheat,Other,FAQ,1350,1700,1526,07-Oct-13
944,Latur,Ahmedpur,Wheat,Other,FAQ,1350,1650,1500,05-Oct-13
945,Latur,Ahmedpur,Wheat,Other,FAQ,1350,1800,1575,21-Sep-13
946,Latur,Ahmedpur,Wheat,Other,FAQ,1300,1600,1450,20-Sep-13
947,Latur,Ahmedpur,Wheat,Other,FAQ,1350,1550,1450,19-Sep-13
948,Latur,Ahmedpur,Wheat,Other,FAQ,1350,1800,1575,16-Sep-13
949,Latur,Ahmedpur,Wheat,Other,FAQ,1350,1450,1375,14-Sep-13
950,Latur,Ahmedpur,Wheat,Other,FAQ,1350,2011,1682,11-Sep-13
951,Latur,Ahmedpur,Wheat,Other,FAQ,1300,1600,1450,10-Sep-13
952,Latur,Ahmedpur,Wheat,Other,FAQ,1325,1500,1412,07-Sep-13
953,Latur,Ahmedpur,Wheat,Other,FAQ,1350,1350,1350,06-Sep-13
954,Latur,Ahmedpur,Wheat,Other,FAQ,1325,1350,1340,04-Sep-13
955,Latur,Ahmedpur,Wheat,Other,FAQ,1301,1701,1501,03-Sep-13
956,Latur,Ahmedpur,Wheat,Other,FAQ,1350,1401,1375,02-Sep-13
957,Latur,Ahmedpur,Wheat,Other,FAQ,1300,1350,1325,31-Aug-13
958,Latur,Ahmedpur,Wheat,Other,FAQ,1300,1800,1550,30-Aug-13
959,Latur,Ahmedpur,Wheat,Other,FAQ,1300,1800,1550,29-Aug-13
960,Latur,Ahmedpur,Wheat,Other,FAQ,1350,1650,1500,26-Aug-13
961,Latur,Ahmedpur,Wheat,Other,FAQ,1350,2000,1675,24-Aug-13
962,Latur,Ahmedpur,Wheat,Other,FAQ,1301,1375,1338,23-Aug-13
963,Latur,Ahmedpur,Wheat,Other,FAQ,1300,1471,1386,22-Aug-13
964,Latur,Ahmedpur,Wheat,Other,FAQ,1350,1400,1375,21-Aug-13
965,Latur,Ahmedpur,Wheat,Other,FAQ,1315,1620,1470,19-Aug-13
966,Latur,Ahmedpur,Wheat,Other,FAQ,1331,1541,1436,17-Aug-13
967,Latur,Ahmedpur,Wheat,Other,FAQ,1315,1600,1460,07-Aug-13
968,Latur,Ahmedpur,Wheat,Other,FAQ,1325,1451,1388,05-Aug-13
969,Latur,Ahmedpur,Wheat,Other,FAQ,1350,1370,1360,03-Aug-13
970,Latur,Ahmedpur,Wheat,Other,FAQ,1315,2111,1713,02-Aug-13
971,Latur,Ahmedpur,Wheat,Other,FAQ,1275,1364,1320,01-Aug-13
972,Latur,Ahmedpur,Wheat,Other,FAQ,1320,1615,1470,30-Jul-13
973,Latur,Ahmedpur,Wheat,Other,FAQ,1301,2081,1691,29-Jul-13
974,Latur,Ahmedpur,Wheat,Other,FAQ,1301,1825,1565,26-Jul-13
975,Latur,Ahmedpur,Wheat,Other,FAQ,1335,1800,1570,25-Jul-13
976,Latur,Ahmedpur,Wheat,Other,FAQ,1275,1800,1540,24-Jul-13
977,Latur,Ahmedpur,Wheat,Other,FAQ,1301,1301,1301,23-Jul-13
978,Latur,Ahmedpur,Wheat,Other,FAQ,1300,1900,1600,22-Jul-13
979,Latur,Ahmedpur,Wheat,Other,FAQ,1300,1800,1550,18-Jul-13
980,Latur,Ahmedpur,Wheat,Other,FAQ,1350,1700,1525,17-Jul-13
981,Latur,Ahmedpur,Wheat,Other,FAQ,1350,1400,1375,15-Jul-13
982,Latur,Ahmedpur,Wheat,Other,FAQ,1300,2130,1715,13-Jul-13
983,Latur,Ahmedpur,Wheat,Other,FAQ,1350,1750,1550,12-Jul-13
984,Latur,Ahmedpur,Wheat,Other,FAQ,1300,1400,1350,11-Jul-13
985,Latur,Ahmedpur,Wheat,Other,FAQ,1350,2200,1725,10-Jul-13
986,Latur,Ahmedpur,Wheat,Other,FAQ,1250,1400,1325,09-Jul-13
987,Latur,Ahmedpur,Wheat,Other,FAQ,1251,1451,1351,06-Jul-13
988,Latur,Ahmedpur,Wheat,Other,FAQ,1311,1411,1361,05-Jul-13
989,Latur,Ahmedpur,Wheat,Other,FAQ,1325,1751,1538,04-Jul-13
990,Latur,Ahmedpur,Wheat,Other,FAQ,1300,1400,1350,03-Jul-13
991,Latur,Ahmedpur,Wheat,Other,FAQ,1301,2401,1851,02-Jul-13
992,Latur,Ahmedpur,Wheat,Other,FAQ,1350,2222,1781,01-Jul-13
993,Latur,Ahmedpur,Wheat,Other,FAQ,1725,2100,1910,25-Jun-13
994,Latur,Ahmedpur,Wheat,Other,FAQ,1250,1600,1400,24-Jun-13
995,Latur,Ahmedpur,Wheat,Other,FAQ,1250,1350,1300,22-Jun-13
996,Latur,Ahmedpur,Wheat,Other,FAQ,1371,1826,1600,21-Jun-13
997,Latur,Ahmedpur,Wheat,Other,FAQ,1250,2080,1660,20-Jun-13
998,Latur,Ahmedpur,Wheat,Other,FAQ,1270,1300,1285,19-Jun-13
999,Latur,Ahmedpur,Wheat,Other,FAQ,1380,1700,1540,18-Jun-13
1000,Latur,Ahmedpur,Wheat,Other,FAQ,1250,2125,1690,17-Jun-13
1001,Latur,Ahmedpur,Wheat,Other,FAQ,1300,1600,1450,15-Jun-13
1002,Latur,Ahmedpur,Wheat,Other,FAQ,1200,1400,1300,14-Jun-13
1003,Latur,Ahmedpur,Wheat,Other,FAQ,1250,1350,1300,13-Jun-13
1004,Latur,Ahmedpur,Wheat,Other,FAQ,1251,1831,1541,12-Jun-13
1005,Latur,Ahmedpur,Wheat,Other,FAQ,1285,2078,1685,11-Jun-13
1006,Latur,Ahmedpur,Wheat,Other,FAQ,1250,2200,1725,10-Jun-13
1007,Latur,Ahmedpur,Wheat,Other,FAQ,1250,2100,1675,07-Jun-13
1008,Latur,Ahmedpur,Wheat,Other,FAQ,1200,1200,1200,06-Jun-13
1009,Latur,Ahmedpur,Wheat,Other,FAQ,1250,1801,1525,05-Jun-13
1010,Latur,Ahmedpur,Wheat,Other,FAQ,1250,1450,1350,04-Jun-13
1011,Latur,Ahmedpur,Wheat,Other,FAQ,1360,2000,1680,01-Jun-13
1012,Latur,Ahmedpur,Wheat,Other,FAQ,1250,1400,1300,31-May-13
1013,Latur,Ahmedpur,Wheat,Other,FAQ,1250,2200,1725,29-May-13
1014,Latur,Ahmedpur,Wheat,Other,FAQ,1350,2050,1700,21-May-13
1015,Latur,Ahmedpur,Wheat,Other,FAQ,1300,1900,1600,20-May-13
1016,Latur,Ahmedpur,Wheat,Other,FAQ,1350,1700,1525,18-May-13
1017,Latur,Ahmedpur,Wheat,Other,FAQ,1250,1500,1375,17-May-13
1018,Latur,Ahmedpur,Wheat,Other,FAQ,1300,1825,1565,16-May-13
1019,Latur,Ahmedpur,Wheat,Other,FAQ,1250,1850,1550,15-May-13
1020,Latur,Ahmedpur,Wheat,Other,FAQ,1250,2450,1850,10-May-13
1021,Latur,Ahmedpur,Wheat,Other,FAQ,1250,2350,1800,08-May-13
1022,Latur,Ahmedpur,Wheat,Other,FAQ,1250,2350,1800,07-May-13
1023,Latur,Ahmedpur,Wheat,Other,FAQ,1300,2100,1750,06-May-13
1024,Latur,Ahmedpur,Wheat,Other,FAQ,1251,2701,1976,04-May-13
1025,Latur,Ahmedpur,Wheat,Other,FAQ,1360,1900,1630,03-May-13
1026,Latur,Ahmedpur,Wheat,Other,FAQ,1200,1600,1400,02-May-13
1027,Latur,Ahmedpur,Wheat,Other,FAQ,1251,1401,1326,30-Apr-13
1028,Latur,Ahmedpur,Wheat,Other,FAQ,1300,2370,1840,29-Apr-13
1029,Latur,Ahmedpur,Wheat,Other,FAQ,1275,2550,1925,27-Apr-13
1030,Latur,Ahmedpur,Wheat,Other,FAQ,1301,2013,1610,26-Apr-13
1031,Latur,Ahmedpur,Wheat,Other,FAQ,1250,2400,1825,23-Apr-13
1032,Latur,Ahmedpur,Wheat,Other,FAQ,1250,2600,1925,20-Apr-13
1033,Latur,Ahmedpur,Wheat,Other,FAQ,1300,1800,1550,18-Apr-13
1034,Latur,Ahmedpur,Wheat,Other,FAQ,1300,1576,1438,17-Apr-13
1035,Latur,Ahmedpur,Wheat,Other,FAQ,1250,2300,1725,16-Apr-13
1036,Latur,Ahmedpur,Wheat,Other,FAQ,1325,2300,1815,15-Apr-13
1037,Latur,Ahmedpur,Wheat,Other,FAQ,2000,2700,2300,13-Apr-13
1038,Latur,Ahmedpur,Wheat,Other,FAQ,1400,2000,1700,12-Apr-13
1039,Latur,Ahmedpur,Wheat,Other,FAQ,1450,2450,1855,08-Apr-13
1040,Latur,Ahmedpur,Wheat,Other,FAQ,1350,2350,1850,06-Apr-13
1041,Latur,Ahmedpur,Wheat,Other,FAQ,1300,2500,1900,05-Apr-13
1042,Latur,Ahmedpur,Wheat,Other,FAQ,1415,2175,1795,04-Apr-13
1043,Latur,Ahmedpur,Wheat,Other,FAQ,1301,2600,1951,03-Apr-13
1044,Latur,Ahmedpur,Wheat,Other,FAQ,1350,2020,1685,02-Apr-13
1045,Latur,Ahmedpur,Wheat,Other,FAQ,1350,2000,1675,23-Mar-13
1046,Latur,Ahmedpur,Wheat,Other,FAQ,1250,1400,1325,26-Feb-13
1047,Latur,Ahmedpur,Wheat,Other,FAQ,1200,1500,1350,25-Feb-13
1048,Latur,Ahmedpur,Wheat,Other,FAQ,1200,1530,1365,23-Feb-13
1049,Latur,Ahmedpur,Wheat,Other,FAQ,1200,1500,1350,22-Feb-13
1050,Latur,Ahmedpur,Wheat,Other,FAQ,1200,1925,1560,21-Feb-13
1051,Latur,Ahmedpur,Wheat,Other,FAQ,1200,1710,1455,20-Feb-13
1052,Latur,Ahmedpur,Wheat,Other,FAQ,1200,1500,1350,18-Feb-13
1053,Latur,Ahmedpur,Wheat,Other,FAQ,1200,1500,1350,16-Feb-13
1054,Latur,Ahmedpur,Wheat,Other,FAQ,1200,1500,1350,15-Feb-13
1055,Latur,Ahmedpur,Wheat,Other,FAQ,1201,1201,1201,14-Feb-13
1056,Latur,Ahmedpur,Wheat,Other,FAQ,1200,1550,1350,13-Feb-13
1057,Latur,Ahmedpur,Wheat,Other,FAQ,1100,1200,1150,12-Feb-13
1058,Latur,Ahmedpur,Wheat,Other,FAQ,1201,1500,1301,09-Feb-13
1059,Latur,Ahmedpur,Wheat,Other,FAQ,1200,1825,1510,08-Feb-13
1060,Latur,Ahmedpur,Wheat,Other,FAQ,1200,1230,1215,07-Feb-13
1061,Latur,Ahmedpur,Wheat,Other,FAQ,1200,1361,1275,05-Feb-13
1062,Latur,Ahmedpur,Wheat,Other,FAQ,1200,1800,1500,04-Feb-13
1063,Latur,Ahmedpur,Wheat,Other,FAQ,1200,1851,1510,02-Feb-13
1064,Latur,Ahmedpur,Wheat,Other,FAQ,1200,1250,1225,01-Feb-13
1065,Latur,Ahmedpur,Wheat,Other,FAQ,1350,1350,1350,31-Jan-13
1066,Latur,Ahmedpur,Wheat,Other,FAQ,1200,1500,1350,30-Jan-13
1067,Latur,Ahmedpur,Wheat,Other,FAQ,1200,1400,1300,29-Jan-13
1068,Latur,Ahmedpur,Wheat,Other,FAQ,1200,1500,1350,28-Jan-13
1069,Latur,Ahmedpur,Wheat,Other,FAQ,1250,1550,1400,24-Jan-13
1070,Latur,Ahmedpur,Wheat,Other,FAQ,1150,1300,1250,23-Jan-13
1071,Latur,Ahmedpur,Wheat,Other,FAQ,1300,1800,1500,22-Jan-13
1072,Latur,Ahmedpur,Wheat,Other,FAQ,1200,1600,1400,21-Jan-13
1073,Latur,Ahmedpur,Wheat,Other,FAQ,1200,1600,1420,19-Jan-13
1074,Latur,Ahmedpur,Wheat,Other,FAQ,1300,1500,1400,18-Jan-13
1075,Latur,Ahmedpur,Wheat,Other,FAQ,1240,1775,1505,17-Jan-13
1076,Latur,Ahmedpur,Wheat,Other,FAQ,1300,1700,1500,16-Jan-13
1077,Latur,Ahmedpur,Wheat,Other,FAQ,1200,1500,1350,09-Jan-13
1078,Latur,Ahmedpur,Wheat,Other,FAQ,1200,1300,1250,08-Jan-13
1079,Latur,Ahmedpur,Wheat,Other,FAQ,1300,1500,1400,07-Jan-13
1080,Latur,Ahmedpur,Wheat,Other,FAQ,1300,1500,1400,05-Jan-13
1081,Latur,Ahmedpur,Wheat,Other,FAQ,1350,1530,1440,04-Jan-13
1082,Latur,Ahmedpur,Wheat,Other,FAQ,1350,1500,1425,03-Jan-13
1083,Latur,Ahmedpur,Wheat,Other,FAQ,1300,1500,1400,02-Jan-13
1084,Latur,Ahmedpur,Wheat,Other,FAQ,1300,1350,1325,01-Jan-13
1085,Latur,Ahmedpur,Wheat,Other,FAQ,1350,1500,1425,31-Dec-12
1086,Latur,Ahmedpur,Wheat,Other,FAQ,1350,1623,1491,29-Dec-12
1087,Latur,Ahmedpur,Wheat,Other,FAQ,1300,1351,1325,28-Dec-12
1088,Latur,Ahmedpur,Wheat,Other,FAQ,1350,1525,1430,27-Dec-12
1089,Latur,Ahmedpur,Wheat,Other,FAQ,1351,1671,1511,26-Dec-12
1090,Latur,Ahmedpur,Wheat,Other,FAQ,1300,1600,1400,24-Dec-12
1091,Latur,Ahmedpur,Wheat,Other,FAQ,1350,1600,1475,22-Dec-12
1092,Latur,Ahmedpur,Wheat,Other,FAQ,1350,1650,1490,21-Dec-12
1093,Latur,Ahmedpur,Wheat,Other,FAQ,1350,1465,1410,20-Dec-12
1094,Latur,Ahmedpur,Wheat,Other,FAQ,1380,1545,1465,19-Dec-12
1095,Latur,Ahmedpur,Wheat,Other,FAQ,1301,1380,1341,18-Dec-12
1096,Latur,Ahmedpur,Wheat,Other,FAQ,1350,1700,1525,17-Dec-12
1097,Latur,Ahmedpur,Wheat,Other,FAQ,1350,1600,1475,15-Dec-12
1098,Latur,Ahmedpur,Wheat,Other,FAQ,1300,1700,1500,14-Dec-12
1099,Latur,Ahmedpur,Wheat,Other,FAQ,1300,1750,1525,12-Dec-12
1100,Latur,Ahmedpur,Wheat,Other,FAQ,1300,1611,1455,11-Dec-12
1101,Latur,Ahmedpur,Wheat,Other,FAQ,1300,1700,1500,10-Dec-12
1102,Latur,Ahmedpur,Wheat,Other,FAQ,1300,1541,1421,08-Dec-12
1103,Latur,Ahmedpur,Wheat,Other,FAQ,1300,1500,1450,06-Dec-12
1104,Latur,Ahmedpur,Wheat,Other,FAQ,1350,1500,1425,05-Dec-12
1105,Latur,Ahmedpur,Wheat,Other,FAQ,1350,1411,1381,04-Dec-12
1106,Latur,Ahmedpur,Wheat,Other,FAQ,1350,1450,1400,03-Dec-12
1107,Latur,Ahmedpur,Wheat,Other,FAQ,1400,1850,1625,01-Dec-12
1108,Latur,Ahmedpur,Wheat,Other,FAQ,1350,1650,1500,30-Nov-12
1109,Latur,Ahmedpur,Wheat,Other,FAQ,1350,1601,1500,29-Nov-12
1110,Latur,Ahmedpur,Wheat,Other,FAQ,1400,1550,1475,27-Nov-12
1111,Latur,Ahmedpur,Wheat,Other,FAQ,1350,1600,1475,26-Nov-12
1112,Latur,Ahmedpur,Wheat,Other,FAQ,1350,1600,1475,24-Nov-12
1113,Latur,Ahmedpur,Wheat,Other,FAQ,1350,1550,1400,23-Nov-12
1114,Latur,Ahmedpur,Wheat,Other,FAQ,1350,1700,1525,22-Nov-12
1115,Latur,Ahmedpur,Wheat,Other,FAQ,1350,1700,1525,21-Nov-12
1116,Latur,Ahmedpur,Wheat,Other,FAQ,1275,1525,1400,20-Nov-12
1117,Latur,Ahmedpur,Wheat,Other,FAQ,1350,1700,1500,19-Nov-12
1118,Latur,Ahmedpur,Wheat,Other,FAQ,1350,1600,1475,17-Nov-12
1119,Latur,Ahmedpur,Wheat,Other,FAQ,1350,1600,1475,16-Nov-12
1120,Latur,Ahmedpur,Wheat,Other,FAQ,1300,1751,1500,15-Nov-12
1121,Latur,Ahmedpur,Wheat,Other,FAQ,1250,1451,1350,14-Nov-12
1122,Latur,Ahmedpur,Wheat,Other,FAQ,1200,1516,1360,08-Nov-12
1123,Latur,Ahmedpur,Wheat,Other,FAQ,1300,1500,1400,07-Nov-12
1124,Latur,Ahmedpur,Wheat,Other,FAQ,1300,1752,1525,06-Nov-12
1125,Latur,Ahmedpur,Wheat,Other,FAQ,1250,1400,1325,05-Nov-12
1126,Latur,Ahmedpur,Wheat,Other,FAQ,1200,1412,1300,03-Nov-12
1127,Latur,Ahmedpur,Wheat,Other,FAQ,1250,1350,1300,02-Nov-12
1128,Latur,Ahmedpur,Wheat,Other,FAQ,1200,1480,1300,01-Nov-12
1129,Latur,Ahmedpur,Wheat,Other,FAQ,1250,1325,1275,31-Oct-12
1130,Latur,Ahmedpur,Wheat,Other,FAQ,1200,1300,1250,30-Oct-12
1131,Latur,Ahmedpur,Wheat,Other,FAQ,1200,1600,1400,29-Oct-12
1132,Latur,Ahmedpur,Wheat,Other,FAQ,1175,1201,1200,26-Oct-12
1133,Latur,Ahmedpur,Wheat,Other,FAQ,1150,1450,1301,25-Oct-12
1134,Latur,Ahmedpur,Wheat,Other,FAQ,1200,1450,1350,23-Oct-12
1135,Latur,Ahmedpur,Wheat,Other,FAQ,1270,1461,1366,22-Oct-12
1136,Latur,Ahmedpur,Wheat,Other,FAQ,1200,1500,1450,20-Oct-12
1137,Latur,Ahmedpur,Wheat,Other,FAQ,1150,1350,1250,19-Oct-12
1138,Latur,Ahmedpur,Wheat,Other,FAQ,1200,1450,1350,18-Oct-12
1139,Latur,Ahmedpur,Wheat,Other,FAQ,1200,1500,1350,17-Oct-12
1140,Latur,Ahmedpur,Wheat,Other,FAQ,1000,1150,1100,23-Feb-08
1141,Latur,Ahmedpur,Wheat,Other,FAQ,900,1150,1100,22-Feb-08
1142,Latur,Ahmedpur,Wheat,Other,FAQ,1050,1100,1050,21-Feb-08
1143,Latur,Ahmedpur,Wheat,Other,FAQ,925,1100,1050,20-Feb-08
1144,Latur,Ahmedpur,Wheat,Other,FAQ,800,1000,1000,08-Feb-08
1145,Latur,Ahmedpur,Wheat,Other,FAQ,1001,1013,1010,06-Feb-08
1146,Latur,Ahmedpur,Wheat,Other,FAQ,800,1000,1000,05-Feb-08
1147,Latur,Ahmedpur,Wheat,Other,FAQ,800,1076,1000,04-Feb-08
1148,Latur,Ahmedpur,Wheat,Other,FAQ,900,1200,950,31-Jan-08
1149,Latur,Ahmedpur,Wheat,Other,FAQ,900,956,950,30-Jan-08
1150,Latur,Ahmedpur,Wheat,Other,FAQ,952,1052,1000,29-Jan-08
1151,Latur,Ahmedpur,Wheat,Other,FAQ,600,1035,1000,28-Jan-08
1152,Latur,Ahmedpur,Wheat,Other,FAQ,800,1200,1150,25-Jan-08
1153,Latur,Ahmedpur,Wheat,Other,FAQ,800,1200,1050,24-Jan-08
1154,Latur,Ahmedpur,Wheat,Other,FAQ,600,1140,1050,23-Jan-08
1155,Latur,Ahmedpur,Wheat,Other,FAQ,800,1100,1050,22-Jan-08
1156,Latur,Ahmedpur,Wheat,Other,FAQ,800,1200,1050,21-Jan-08
1157,Latur,Ahmedpur,Wheat,Other,FAQ,800,1000,900,18-Jan-08
1158,Latur,Ahmedpur,Wheat,Other,FAQ,912,1081,1050,12-Jan-08
1159,Latur,Ahmedpur,Wheat,Other,FAQ,700,1175,1050,11-Jan-08
1160,Latur,Ahmedpur,Wheat,Other,FAQ,911,1151,1050,10-Jan-08
1161,Latur,Ahmedpur,Wheat,Other,FAQ,850,1100,1050,04-Jan-08
1162,Latur,Ahmedpur,Wheat,Other,FAQ,900,1160,1050,03-Jan-08
1163,Latur,Ahmedpur,Wheat,Other,FAQ,972,1240,1050,02-Jan-08
1164,Latur,Ahmedpur,Wheat,Other,FAQ,800,1070,1000,01-Jan-08
1165,Latur,Ahmedpur,Wheat,Other,FAQ,850,1100,1050,31-Jul-07
1166,Latur,Ahmedpur,Wheat,Other,FAQ,850,1120,1060,28-Jul-07
1167,Latur,Ahmedpur,Wheat,Other,FAQ,850,1201,1025,27-Jul-07
1168,Latur,Ahmedpur,Wheat,Other,FAQ,830,1130,1050,18-Jul-07
1169,Latur,Ahmedpur,Wheat,Other,FAQ,850,1111,1050,17-Jul-07
1170,Latur,Ahmedpur,Wheat,Other,FAQ,850,1111,1050,16-Jul-07
1171,Latur,Ahmedpur,Wheat,Other,FAQ,830,1075,1000,13-Jul-07
1172,Latur,Ahmedpur,Wheat,Other,FAQ,810,1100,900,12-Jul-07
1173,Latur,Ahmedpur,Wheat,Other,FAQ,800,1050,900,11-Jul-07
1174,Latur,Ahmedpur,Wheat,Other,FAQ,800,1080,955,10-Jul-07
1175,Latur,Ahmedpur,Wheat,Other,FAQ,800,1271,1150,09-Jul-07
1176,Latur,Ahmedpur,Wheat,Other,FAQ,820,1232,1050,07-Jul-07
1177,Latur,Ahmedpur,Wheat,Other,FAQ,775,1170,1000,06-Jul-07
1178,Latur,Ahmedpur,Wheat,Other,FAQ,800,1175,1050,05-Jul-07
1179,Latur,Ahmedpur,Wheat,Other,FAQ,790,1070,995,04-Jul-07
1180,Latur,Ahmedpur,Wheat,Other,FAQ,780,1100,995,03-Jul-07
1181,Latur,Ahmedpur,Wheat,Other,FAQ,775,1115,1050,02-Jul-07
1182,Latur,Ahmedpur,Wheat,Other,FAQ,780,1170,995,30-Jun-07
1183,Latur,Ahmedpur,Wheat,Other,FAQ,950,950,950,23-Jun-07
1184,Latur,Ahmedpur,Wheat,Other,FAQ,981,1150,1050,22-Jun-07
1185,Latur,Ahmedpur,Wheat,Other,FAQ,775,1075,995,21-Jun-07
1186,Latur,Ahmedpur,Wheat,Other,FAQ,745,1100,1052,20-Jun-07
1187,Latur,Ahmedpur,Wheat,Other,FAQ,1000,1200,1100,19-Jun-07
1188,Latur,Ahmedpur,Wheat,Other,FAQ,940,1200,1100,18-Jun-07
1189,Latur,Ahmedpur,Wheat,Other,FAQ,760,1200,1047,16-Jun-07
1190,Latur,Ahmedpur,Wheat,Other,FAQ,730,980,850,14-Jun-07
1191,Latur,Ahmedpur,Wheat,Other,FAQ,900,1000,950,13-Jun-07
1192,Latur,Ahmedpur,Wheat,Other,FAQ,940,1100,1090,12-Jun-07
1193,Latur,Ahmedpur,Wheat,Other,FAQ,790,1150,1050,11-Jun-07
1194,Latur,Ahmedpur,Wheat,Other,FAQ,700,1005,850,01-Jun-07
1195,Latur,Ahmedpur,Wheat,Other,FAQ,700,1111,1050,31-May-07
1196,Latur,Ahmedpur,Wheat,Other,FAQ,700,1280,950,30-May-07
1197,Latur,Ahmedpur,Wheat,Other,FAQ,700,1250,950,29-May-07
1198,Latur,Ahmedpur,Wheat,Other,FAQ,700,1217,1150,28-May-07
1199,Latur,Ahmedpur,Wheat,Other,FAQ,926,1213,1030,22-Mar-07
1200,Latur,Ahmedpur,Wheat,Other,FAQ,750,1150,965,21-Mar-07
1201,Latur,Ahmedpur,Wheat,Other,FAQ,650,1020,850,13-Mar-07
1202,Latur,Ahmedpur,Wheat,Other,FAQ,600,1081,925,02-Mar-07
1203,Latur,Ahmedpur,Wheat,Other,FAQ,650,961,931,01-Mar-07
1204,Latur,Ahmedpur,Wheat,Other,FAQ,650,1000,950,27-Feb-07
1205,Latur,Ahmedpur,Wheat,Other,FAQ,700,1000,950,26-Feb-07
1206,Latur,Ahmedpur,Wheat,Other,FAQ,650,1055,995,24-Feb-07
1207,Latur,Ahmedpur,Wheat,Other,FAQ,700,1076,825,23-Feb-07
1208,Latur,Ahmedpur,Wheat,Other,FAQ,650,1070,975,22-Feb-07
1209,Latur,Ahmedpur,Wheat,Other,FAQ,661,1015,825,21-Feb-07
1210,Latur,Ahmedpur,Wheat,Other,FAQ,700,1152,1050,20-Feb-07
1211,Latur,Ahmedpur,Wheat,Other,FAQ,680,1140,1100,14-Feb-07
1212,Latur,Ahmedpur,Wheat,Other,FAQ,670,1126,881,13-Feb-07
1213,Latur,Ahmedpur,Wheat,Other,FAQ,675,1110,1001,12-Feb-07
1214,Latur,Ahmedpur,Wheat,Other,FAQ,670,1120,970,10-Feb-07
1215,Latur,Ahmedpur,Wheat,Other,FAQ,675,1130,1050,09-Feb-07
1216,Latur,Ahmedpur,Wheat,Other,FAQ,671,800,720,08-Feb-07
1217,Latur,Ahmedpur,Wheat,Other,FAQ,660,1070,950,07-Feb-07
1218,Latur,Ahmedpur,Wheat,Other,FAQ,600,1176,1050,06-Feb-07
1219,Latur,Ahmedpur,Wheat,Other,FAQ,660,1125,890,05-Feb-07
1220,Latur,Ahmedpur,Wheat,Other,FAQ,690,990,840,03-Feb-07
1221,Latur,Ahmedpur,Wheat,Other,FAQ,850,1050,950,02-Feb-07
1222,Latur,Ahmedpur,Wheat,Other,FAQ,900,1170,1035,01-Feb-07
1223,Latur,Ahmedpur,Wheat,Other,FAQ,760,1150,955,27-Jan-07
1224,Latur,Ahmedpur,Wheat,Other,FAQ,810,1010,950,25-Jan-07
1225,Latur,Ahmedpur,Wheat,Other,FAQ,801,850,825,23-Jan-07
1226,Latur,Ahmedpur,Wheat,Other,FAQ,850,1050,950,22-Jan-07
1227,Latur,Ahmedpur,Wheat,Other,FAQ,811,1150,980,20-Jan-07
1228,Latur,Ahmedpur,Wheat,Other,FAQ,825,1050,970,13-Jan-07
1229,Latur,Ahmedpur,Wheat,Other,FAQ,800,1200,1000,12-Jan-07
1230,Latur,Ahmedpur,Wheat,Other,FAQ,850,1125,1050,11-Jan-07
1231,Latur,Ahmedpur,Wheat,Other,FAQ,800,1045,1000,10-Jan-07
1232,Latur,Ahmedpur,Wheat,Other,FAQ,850,1231,1120,09-Jan-07
1233,Latur,Ahmedpur,Wheat,Other,FAQ,920,1150,1000,14-Dec-06
1234,Latur,Ahmedpur,Wheat,Other,FAQ,850,1100,1000,13-Dec-06
1235,Latur,Ahmedpur,Wheat,Other,FAQ,800,1200,1000,12-Dec-06
1236,Latur,Ahmedpur,Wheat,Other,FAQ,950,1170,1060,07-Dec-06
1237,Latur,Ahmedpur,Wheat,Other,FAQ,1050,1150,1100,06-Dec-06
1238,Latur,Ahmedpur,Wheat,Other,FAQ,960,1270,1110,05-Dec-06
1239,Latur,Ahmedpur,Wheat,Other,FAQ,900,1300,1150,02-Dec-06
1240,Latur,Ahmedpur,Wheat,Other,FAQ,1010,1311,1150,29-Nov-06
1241,Latur,Ahmedpur,Wheat,Other,FAQ,900,1100,1050,22-Nov-06
1242,Latur,Ahmedpur,Wheat,Other,FAQ,910,1300,1150,21-Nov-06
1243,Latur,Ahmedpur,Wheat,Other,FAQ,921,1075,1000,18-Nov-06
1244,Latur,Ahmedpur,Wheat,Other,FAQ,925,1100,1000,17-Nov-06
1245,Latur,Ahmedpur,Wheat,Other,FAQ,900,1140,1040,16-Nov-06
1246,Latur,Ahmedpur,Wheat,Other,FAQ,900,1100,1010,15-Nov-06
1247,Latur,Ahmedpur,Wheat,Other,FAQ,900,1150,1011,14-Nov-06
1248,Latur,Ahmedpur,Wheat,Other,FAQ,950,1151,1100,13-Nov-06
1249,Latur,Ahmedpur,Wheat,Other,FAQ,900,1100,1000,11-Nov-06
1250,Latur,Ahmedpur,Wheat,Other,FAQ,931,1131,1031,10-Nov-06
1251,Latur,Ahmedpur,Wheat,Other,FAQ,950,950,950,09-Nov-06
1252,Latur,Ahmedpur,Wheat,Other,FAQ,900,1100,1050,04-Nov-06
1253,Latur,Ahmedpur,Wheat,Other,FAQ,1000,1020,1015,03-Nov-06
1254,Latur,Ahmedpur,Wheat,Other,FAQ,1000,1100,1050,02-Nov-06
1255,Latur,Ahmedpur,Wheat,Other,FAQ,850,1070,1000,01-Nov-06
1256,Latur,Ahmedpur,Wheat,Other,FAQ,850,1200,1100,28-Oct-06
1257,Latur,Ahmedpur,Wheat,Other,FAQ,950,1100,1025,27-Oct-06
1258,Latur,Ahmedpur,Wheat,Other,FAQ,860,1017,950,26-Oct-06
1259,Latur,Ahmedpur,Wheat,Other,FAQ,850,900,875,24-Oct-06
1260,Latur,Ahmedpur,Wheat,Other,FAQ,800,1000,900,23-Oct-06
1261,Latur,Ahmedpur,Wheat,Other,FAQ,870,1100,1000,17-Oct-06
1262,Latur,Ahmedpur,Wheat,Other,FAQ,825,1100,1000,16-Oct-06
1263,Latur,Ahmedpur,Wheat,Other,FAQ,900,1100,1025,14-Oct-06
1264,Latur,Ahmedpur,Wheat,Other,FAQ,900,1000,950,13-Oct-06
1265,Latur,Ahmedpur,Wheat,Other,FAQ,870,1075,1000,12-Oct-06
1266,Latur,Ahmedpur,Wheat,Other,FAQ,881,900,890,11-Oct-06
1267,Latur,Ahmedpur,Wheat,Other,FAQ,880,1055,967,03-Oct-06
1268,Latur,Ahmedpur,Wheat,Other,FAQ,961,1020,990,21-Sep-06
1269,Latur,Ahmedpur,Wheat,Other,FAQ,955,1024,990,20-Sep-06
1270,Latur,Ahmedpur,Wheat,Other,FAQ,925,1050,987,19-Sep-06
1271,Latur,Ahmedpur,Wheat,Other,FAQ,1000,1100,1050,18-Sep-06
1272,Latur,Ahmedpur,Wheat,Other,FAQ,990,1010,1000,16-Sep-06
1273,Latur,Ahmedpur,Wheat,Other,FAQ,960,1092,1026,15-Sep-06
1274,Latur,Ahmedpur,Wheat,Other,FAQ,950,1100,1025,14-Sep-06
1275,Latur,Ahmedpur,Wheat,Other,FAQ,981,1100,1040,13-Sep-06
1276,Latur,Ahmedpur,Wheat,Other,FAQ,980,1100,1065,12-Sep-06
1277,Latur,Ahmedpur,Wheat,Other,FAQ,975,1050,1000,11-Sep-06
1278,Latur,Ahmedpur,Wheat,Other,FAQ,951,1054,1000,09-Sep-06
1279,Latur,Ahmedpur,Wheat,Other,FAQ,925,1232,1123,08-Sep-06
1280,Latur,Ahmedpur,Wheat,Other,FAQ,856,1010,1000,06-Sep-06
1281,Latur,Ahmedpur,Wheat,Other,FAQ,880,1110,1011,05-Sep-06
1282,Latur,Ahmedpur,Wheat,Other,FAQ,850,1100,975,04-Sep-06
1283,Latur,Ahmedpur,Wheat,Other,FAQ,891,971,901,02-Sep-06
1284,Latur,Ahmedpur,Wheat,Other,FAQ,850,1050,950,31-Aug-06
1285,Latur,Ahmedpur,Wheat,Other,FAQ,850,1050,925,30-Aug-06
1286,Latur,Ahmedpur,Wheat,Other,FAQ,875,1111,957,29-Aug-06
1287,Latur,Ahmedpur,Wheat,Other,FAQ,880,1100,975,28-Aug-06
1288,Latur,Ahmedpur,Wheat,Other,FAQ,1000,1100,1050,25-Aug-06
1289,Latur,Ahmedpur,Wheat,Other,FAQ,950,1100,1050,24-Aug-06
1290,Latur,Ahmedpur,Wheat,Other,FAQ,950,1150,1050,22-Aug-06
1291,Latur,Ahmedpur,Wheat,Other,FAQ,950,1111,1000,19-Aug-06
1292,Latur,Ahmedpur,Wheat,Other,FAQ,920,1141,950,18-Aug-06
1293,Latur,Ahmedpur,Wheat,Other,FAQ,900,1021,950,17-Aug-06
1294,Latur,Ahmedpur,Wheat,Other,FAQ,875,926,900,31-Jul-06
1295,Latur,Ahmedpur,Wheat,Other,FAQ,870,950,910,29-Jul-06
1296,Latur,Ahmedpur,Wheat,Other,FAQ,770,900,835,30-Jun-06
1297,Latur,Ahmedpur,Wheat,Other,FAQ,850,1000,925,29-Jun-06
1298,Latur,Ahmedpur,Wheat,Other,FAQ,820,973,896,28-Jun-06
1299,Latur,Ahmedpur,Wheat,Other,FAQ,845,900,875,27-Jun-06
1300,Latur,Ahmedpur,Wheat,Other,FAQ,826,1021,926,26-Jun-06
1301,Latur,Ahmedpur,Wheat,Other,FAQ,826,1021,923,24-Jun-06
1302,Latur,Ahmedpur,Wheat,Other,FAQ,840,981,910,23-Jun-06
1303,Latur,Ahmedpur,Wheat,Other,FAQ,850,1000,925,22-Jun-06
1304,Latur,Ahmedpur,Wheat,Other,FAQ,850,900,875,21-Jun-06
1305,Latur,Ahmedpur,Wheat,Other,FAQ,850,1001,925,20-Jun-06
1306,Latur,Ahmedpur,Wheat,Other,FAQ,850,1000,925,19-Jun-06
1307,Latur,Ahmedpur,Wheat,Other,FAQ,850,1010,930,17-Jun-06
1308,Latur,Ahmedpur,Wheat,Other,FAQ,865,950,907,16-Jun-06
1309,Latur,Ahmedpur,Wheat,Other,FAQ,850,1025,935,15-Jun-06
1310,Latur,Ahmedpur,Wheat,Other,FAQ,840,1150,950,12-Jun-06
1311,Latur,Ahmedpur,Wheat,Other,FAQ,850,1100,950,10-Jun-06
1312,Latur,Ahmedpur,Wheat,Other,FAQ,825,940,900,09-Jun-06
1313,Latur,Ahmedpur,Wheat,Other,FAQ,840,1290,1000,08-Jun-06
1314,Latur,Ahmedpur,Wheat,Other,FAQ,775,1100,900,07-Jun-06
1315,Latur,Ahmedpur,Wheat,Other,FAQ,850,1121,950,06-Jun-06
1316,Latur,Ahmedpur,Wheat,Other,FAQ,875,1120,1000,05-Jun-06
1317,Latur,Ahmedpur,Wheat,Other,FAQ,880,1151,1000,03-Jun-06
1318,Latur,Ahmedpur,Wheat,Other,FAQ,881,1051,960,02-Jun-06
1319,Latur,Ahmedpur,Wheat,Other,FAQ,820,970,901,01-Jun-06
1320,Latur,Ahmedpur,Wheat,Other,FAQ,880,990,895,06-May-06
1321,Latur,Ahmedpur,Wheat,Other,FAQ,885,1225,1050,05-May-06
1322,Latur,Ahmedpur,Wheat,Other,FAQ,870,1100,985,03-May-06
1323,Latur,Ahmedpur,Wheat,Other,FAQ,860,1300,1100,02-May-06
1324,Latur,Ahmedpur,Wheat,Other,FAQ,800,1000,900,28-Apr-06
1325,Latur,Ahmedpur,Wheat,Other,FAQ,850,1005,927,26-Apr-06
1326,Latur,Ahmedpur,Wheat,Other,FAQ,850,1010,941,25-Apr-06
1327,Latur,Ahmedpur,Wheat,Other,FAQ,775,1000,875,24-Apr-06
1328,Latur,Ahmedpur,Wheat,Other,FAQ,780,1000,825,22-Apr-06
1329,Latur,Ahmedpur,Wheat,Other,FAQ,780,905,810,20-Apr-06
1330,Latur,Ahmedpur,Wheat,Other,FAQ,800,900,850,08-Apr-06
1331,Latur,Ahmedpur,Wheat,Other,FAQ,700,900,800,07-Apr-06
1332,Latur,Ahmedpur,Wheat,Other,FAQ,730,1071,850,03-Apr-06
1333,Latur,Ahmedpur,Wheat,Other,FAQ,750,900,870,27-Mar-06
1334,Latur,Ahmedpur,Wheat,Other,FAQ,700,950,750,25-Mar-06
1335,Latur,Ahmedpur,Wheat,Other,FAQ,720,920,740,24-Mar-06
1336,Latur,Ahmedpur,Wheat,Other,FAQ,650,971,810,11-Mar-06
1337,Latur,Ahmedpur,Wheat,Other,FAQ,650,886,750,09-Mar-06
1338,Latur,Ahmedpur,Wheat,Other,FAQ,650,886,765,07-Mar-06
1339,Latur,Ahmedpur,Wheat,Other,FAQ,750,950,900,20-Feb-06
1340,Latur,Ahmedpur,Wheat,Other,FAQ,925,931,930,15-Feb-06
1341,Latur,Ahmedpur,Wheat,Other,FAQ,790,850,825,14-Feb-06
1342,Latur,Ahmedpur,Wheat,Other,FAQ,700,965,835,13-Feb-06
1343,Latur,Ahmedpur,Wheat,Other,FAQ,771,1025,800,11-Feb-06
1344,Latur,Ahmedpur,Wheat,Other,FAQ,680,870,725,30-Jan-06
1345,Latur,Ahmedpur,Wheat,Other,FAQ,700,920,751,28-Jan-06
1346,Latur,Ahmedpur,Wheat,Other,FAQ,750,800,775,27-Jan-06
1347,Latur,Ahmedpur,Wheat,Other,FAQ,780,850,825,25-Jan-06
1348,Latur,Ahmedpur,Wheat,Other,FAQ,801,860,830,24-Jan-06
1349,Latur,Ahmedpur,Wheat,Other,FAQ,825,980,850,23-Jan-06
1350,Latur,Ahmedpur,Wheat,Other,FAQ,800,900,850,20-Jan-06
1351,Latur,Ahmedpur,Wheat,Other,FAQ,800,1000,900,19-Jan-06
1352,Latur,Ahmedpur,Wheat,Other,FAQ,850,950,900,17-Jan-06
1353,Latur,Ahmedpur,Wheat,Other,FAQ,750,1000,850,16-Jan-06
1354,Latur,Ahmedpur,Wheat,Other,FAQ,740,950,845,13-Jan-06
1355,Latur,Ahmedpur,Wheat,Other,FAQ,775,850,800,10-Jan-06
1356,Latur,Ahmedpur,Wheat,Other,FAQ,725,885,775,09-Jan-06
1357,Latur,Ahmedpur,Wheat,Other,FAQ,725,750,735,03-Jan-06
1358,Latur,Ahmedpur,Wheat,Other,FAQ,716,735,720,02-Jan-06
1359,Latur,Ahmedpur,Wheat,Other,FAQ,815,815,815,28-Dec-05
1360,Latur,Ahmedpur,Wheat,Other,FAQ,725,851,788,27-Dec-05
1361,Latur,Ahmedpur,Wheat,Other,FAQ,700,752,715,26-Dec-05
1362,Latur,Ahmedpur,Wheat,Other,FAQ,650,850,750,21-Dec-05
1363,Latur,Ahmedpur,Wheat,Other,FAQ,760,981,871,20-Dec-05
1364,Latur,Ahmedpur,Wheat,Other,FAQ,750,900,875,05-Dec-05
1365,Latur,Ahmedpur,Wheat,Other,FAQ,655,765,710,03-Dec-05
1366,Latur,Ahmedpur,Wheat,Other,FAQ,750,830,790,02-Dec-05
1367,Latur,Ahmedpur,Wheat,Other,FAQ,651,800,750,25-Nov-05
1368,Latur,Ahmedpur,Wheat,Other,FAQ,650,795,785,24-Nov-05
1369,Latur,Ahmedpur,Wheat,Other,FAQ,650,763,675,23-Nov-05
1370,Latur,Ahmedpur,Wheat,Other,FAQ,650,800,725,14-Oct-05
1371,Latur,Ahmedpur,Wheat,Other,FAQ,630,822,750,13-Oct-05
1372,Latur,Ahmedpur,Wheat,Other,FAQ,625,726,680,11-Oct-05
1373,Latur,Ahmedpur,Wheat,Other,FAQ,625,900,830,10-Oct-05
1374,Latur,Ahmedpur,Wheat,Other,FAQ,650,900,725,08-Oct-05
1375,Latur,Ahmedpur,Wheat,Other,FAQ,650,700,675,07-Oct-05
1376,Latur,Ahmedpur,Wheat,Other,FAQ,625,725,650,06-Oct-05
1377,Latur,Ahmedpur,Wheat,Other,FAQ,630,750,690,05-Oct-05
1378,Latur,Ahmedpur,Wheat,Other,FAQ,622,828,725,04-Oct-05
1379,Latur,Ahmedpur,Wheat,Other,FAQ,650,700,675,27-Sep-05
1380,Latur,Ahmedpur,Wheat,Other,FAQ,650,880,765,26-Sep-05
1381,Latur,Ahmedpur,Wheat,Other,FAQ,650,830,775,18-Jun-05
1382,Latur,Ahmedpur,Wheat,Other,FAQ,700,900,800,17-Jun-05
1383,Latur,Ahmedpur,Wheat,Other,FAQ,748,840,770,07-Jun-05
1384,Latur,Ahmedpur,Wheat,Other,FAQ,650,785,750,16-May-05
1385,Latur,Ahmedpur,Wheat,Other,FAQ,750,925,785,14-May-05
1386,Latur,Ahmedpur,Wheat,Other,FAQ,700,700,700,13-May-05
1387,Latur,Ahmedpur,Wheat,Other,FAQ,611,850,730,03-May-05
1388,Latur,Ahmedpur,Wheat,Other,FAQ,730,900,825,23-Apr-05
1389,Latur,Ahmedpur,Wheat,Other,FAQ,670,770,720,21-Apr-05
1390,Latur,Ahmedpur,Wheat,Other,FAQ,655,800,750,20-Apr-05
1391,Latur,Ahmedpur,Wheat,Other,FAQ,650,900,775,19-Apr-05
1392,Latur,Ahmedpur,Wheat,Other,FAQ,650,1060,755,16-Apr-05
1393,Latur,Ahmedpur,Wheat,Other,FAQ,660,822,741,02-Mar-05
1394,Latur,Ahmedpur,Wheat,Other,FAQ,660,850,745,01-Mar-05
1395,Latur,Ahmedpur,Wheat,Other,FAQ,650,820,735,28-Feb-05
1396,Latur,Ahmedpur,Wheat,Other,FAQ,660,900,780,26-Feb-05
1397,Latur,Ahmedpur,Wheat,Other,FAQ,650,720,675,15-Feb-05
1398,Latur,Ahmedpur,Wheat,Other,FAQ,650,700,675,24-Jan-05
1399,Latur,Ahmedpur,Wheat,Other,FAQ,666,666,666,20-Jan-05
1400,Latur,Ahmedpur,Wheat,Other,FAQ,660,880,775,19-Jan-05
1401,Latur,Ahmedpur,Wheat,Other,FAQ,650,800,725,17-Jan-05
1402,Latur,Ahmedpur,Wheat,Other,FAQ,825,825,825,23-Dec-04
1403,Latur,Ahmedpur,Wheat,Other,FAQ,640,830,735,20-Dec-04
1404,Latur,Ahmedpur,Wheat,Other,FAQ,705,850,777,25-Nov-04
1405,Latur,Ahmedpur,Wheat,Other,FAQ,750,800,775,18-Nov-04
1406,Latur,Ahmedpur,Wheat,Other,FAQ,750,800,775,17-Nov-04
1407,Latur,Ahmedpur,Wheat,Other,FAQ,600,751,675,16-Nov-04
1408,Latur,Ahmedpur,Wheat,Other,FAQ,650,800,725,06-Nov-04
1409,Latur,Ahmedpur,Wheat,Other,FAQ,660,800,730,05-Nov-04
1410,Latur,Ahmedpur,Wheat,Other,FAQ,650,800,725,04-Nov-04
1411,Latur,Ahmedpur,Wheat,Other,FAQ,720,850,785,01-Nov-04
1412,Latur,Ahmedpur,Wheat,Other,FAQ,700,800,750,21-Oct-04
1413,Latur,Ahmedpur,Wheat,Other,FAQ,705,875,815,15-Oct-04
1414,Latur,Ahmedpur,Wheat,Other,FAQ,700,850,800,09-Oct-04
1415,Latur,Ahmedpur,Wheat,Other,FAQ,700,800,750,08-Oct-04
1416,Latur,Ahmedpur,Wheat,Other,FAQ,680,750,725,06-Oct-04
1417,Latur,Ahmedpur,Wheat,Other,FAQ,718,791,755,01-Oct-04
1418,Latur,Ahmedpur,Wheat,Other,FAQ,675,880,725,24-Sep-04
1419,Latur,Ahmedpur,Wheat,Other,FAQ,725,851,800,23-Sep-04
1420,Latur,Ahmedpur,Wheat,Other,FAQ,750,800,775,11-Sep-04
1421,Latur,Ahmedpur,Wheat,Other,FAQ,750,850,800,10-Sep-04
1422,Latur,Ahmedpur,Wheat,Other,FAQ,761,825,790,09-Sep-04
1423,Latur,Ahmedpur,Wheat,Other,FAQ,750,850,800,08-Sep-04
1424,Latur,Ahmedpur,Wheat,Other,FAQ,730,800,765,07-Sep-04
1425,Latur,Ahmedpur,Wheat,Other,FAQ,721,870,785,02-Sep-04
1426,Latur,Ahmedpur,Wheat,Other,FAQ,750,830,790,01-Sep-04
1427,Latur,Ahmedpur,Wheat,Other,FAQ,750,850,800,28-Aug-04
1428,Latur,Ahmedpur,Wheat,Other,FAQ,750,850,800,27-Aug-04
1429,Latur,Ahmedpur,Wheat,Other,FAQ,780,820,800,26-Aug-04
1430,Latur,Ahmedpur,Wheat,Other,FAQ,750,850,800,25-Aug-04
1431,Latur,Ahmedpur,Wheat,Other,FAQ,750,850,800,24-Aug-04
1432,Latur,Ahmedpur,Wheat,Other,FAQ,770,861,825,21-Aug-04
1433,Latur,Ahmedpur,Wheat,Other,FAQ,766,882,824,18-Aug-04
1434,Latur,Ahmedpur,Wheat,Other,FAQ,700,735,717,17-Aug-04
1435,Latur,Ahmedpur,Wheat,Other,FAQ,731,841,786,16-Aug-04
1436,Latur,Ahmedpur,Wheat,Other,FAQ,730,870,835,13-Aug-04
1437,Latur,Ahmedpur,Wheat,Other,FAQ,710,745,727,12-Aug-04
1438,Latur,Ahmedpur,Wheat,Other,FAQ,733,815,780,11-Aug-04
1439,Latur,Ahmedpur,Wheat,Other,FAQ,713,850,781,10-Aug-04
1440,Latur,Ahmedpur,Wheat,Other,FAQ,740,860,800,09-Aug-04
1441,Latur,Ahmedpur,Wheat,Other,FAQ,696,871,785,06-Aug-04
1442,Latur,Ahmedpur,Wheat,Other,FAQ,660,801,750,04-Aug-04
1443,Latur,Ahmedpur,Wheat,Other,FAQ,751,851,800,03-Aug-04
1444,Latur,Ahmedpur,Wheat,Other,FAQ,670,880,775,02-Aug-04
